ID_N|UBIGEO|CCDI|NOMBREDI|INF109|INF109A|INF109A_O|INF109B1|INF109C1_D1|INF109C1_D2|INF109C1_D3|INF109C1_D4|INF109C1_D5|INF109B2|INF109C2_D1|INF109C2_P1|INF109C2_D2|INF109C2_P2|INF109C2_D3|INF109C2_P3|INF109C2_D4|INF109C2_P4|INF109C2_D5|INF109C2_P5|INF109C2_D6|INF109C2_P6|INF109C2_D7|INF109C2_P7|INF109C2_D8|INF109C2_P8|INF109C2_D9|INF109C2_P9|INF109C2_D10|INF109C2_P10|INF109B3|INF109C3_D1|INF109C3_P1|INF109C3_DI1|INF109C3_DI1_FT|INF109C3_DI1_FP|INF109C3_D2|INF109C3_P2|INF109C3_DI2|INF109C3_DI2_FT|INF109C3_DI2_FP|INF109C3_D3|INF109C3_P3|INF109C3_DI3|INF109C3_DI3_FT|INF109C3_DI3_FP|INF109C3_D4|INF109C3_P4|INF109C3_DI4|INF109C3_DI4_FT|INF109C3_DI4_FP|INF109C3_D5|INF109C3_P5|INF109C3_DI5|INF109C3_DI5_FT|INF109C3_DI5_FP|INF109C3_D6|INF109C3_P6|INF109C3_DI6|INF109C3_DI6_FT|INF109C3_DI6_FP|INF109C3_D7|INF109C3_P7|INF109C3_DI7|INF109C3_DI7_FT|INF109C3_DI7_FP|INF109C3_D8|INF109C3_P8|INF109C3_DI8|INF109C3_DI8_FT|INF109C3_DI8_FP|INF109C3_D9|INF109C3_P9|INF109C3_DI9|INF109C3_DI9_FT|INF109C3_DI9_FP|INF109C3_D10|INF109C3_P10|INF109C3_DI10|INF109C3_DI10_FT|INF109C3_DI10_FP|INF110_TOT|INF110_TOT_OFI_H|INF110_TOT_OFI_M|INF110_TOT_OFISV_H|INF110_TOT_OFISV_M|INF110_TOT_SOF_H|INF110_TOT_SOF_M|INF110_TOT_SOFSV_H|INF110_TOT_SOFSV_M|INF111_ADM|INF111_ADM_OFI_H|INF111_ADM_OFI_M|INF111_ADM_OFISV_H|INF111_ADM_OFISV_M|INF111_ADM_SOF_H|INF111_ADM_SOF_M|INF111_ADM_SOFSV_H|INF111_ADM_SOFSV_M|INF112_MOT|INF112_MOT_OFI_H|INF112_MOT_OFI_M|INF112_MOT_OFISV_H|INF112_MOT_OFISV_M|INF112_MOT_SOF_H|INF112_MOT_SOF_M|INF112_MOT_SOFSV_H|INF112_MOT_SOFSV_M|INF113_PIE|INF113_PIE_OFI_H|INF113_PIE_OFI_M|INF113_PIE_OFISV_H|INF113_PIE_OFISV_M|INF113_PIE_SOF_H|INF113_PIE_SOF_M|INF113_PIE_SOFSV_H|INF113_PIE_SOFSV_M|INF114_INV_DF|INF114_INV_DF_OFI_H|INF114_INV_DF_OFI_M|INF114_INV_DF_OFISV_H|INF114_INV_DF_OFISV_M|INF114_INV_DF_SOF_H|INF114_INV_DF_SOF_M|INF114_INV_DF_SOFSV_H|INF114_INV_DF_SOFSV_M|INF115_INV_AT|INF115_INV_AT_OFI_H|INF115_INV_AT_OFI_M|INF115_INV_AT_OFISV_H|INF115_INV_AT_OFISV_M|INF115_INV_AT_SOF_H|INF115_INV_AT_SOF_M|INF115_INV_AT_SOFSV_H|INF115_INV_AT_SOFSV_M|INF116_INV_VF|INF116_INV_VF_OFI_H|INF116_INV_VF_OFI_M|INF116_INV_VF_OFISV_H|INF116_INV_VF_OFISV_M|INF116_INV_VF_SOF_H|INF116_INV_VF_SOF_M|INF116_INV_VF_SOFSV_H|INF116_INV_VF_SOFSV_M|INF117_OPC|INF117_OPC_OFI_H|INF117_OPC_OFI_M|INF117_OPC_OFISV_H|INF117_OPC_OFISV_M|INF117_OPC_SOF_H|INF117_OPC_SOF_M|INF117_OPC_SOFSV_H|INF117_OPC_SOFSV_M|INF118_PG|INF118_PG_OFI_H|INF118_PG_OFI_M|INF118_PG_OFISV_H|INF118_PG_OFISV_M|INF118_PG_SOF_H|INF118_PG_SOF_M|INF118_PG_SOFSV_H|INF118_PG_SOFSV_M|INF119_SC|INF119_SC_OFI_H|INF119_SC_OFI_M|INF119_SC_OFISV_H|INF119_SC_OFISV_M|INF119_SC_SOF_H|INF119_SC_SOF_M|INF119_SC_SOFSV_H|INF119_SC_SOFSV_M|INF120_O|INF120_O_O|INF120_O_OFI_H|INF120_O_OFI_M|INF120_O_OFISV_H|INF120_O_OFISV_M|INF120_O_SOF_H|INF120_O_SOF_M|INF120_O_SOFSV_H|INF120_O_SOFSV_M|INF121_1|INF121_1_CANT|INF121_2|INF121_2_CANT|INF121_3|INF121_3_CANT|INF121_4|INF121_4_CANT|INF121_5|INF121_5_CANT|INF121_6|INF121_6_CANT|INF121_7|INF121_7_CANT|INF121_8|INF121_8_CANT|INF121_9|INF121_9_CANT|INF121_10|INF121_10_CANT|INF121_11|INF121_11_CANT|INF121_12|INF121_12_CANT|INF121_13|INF121_13_CANT|INF121_14|INF121_14_CANT|INF121_TOT|INF122|INF123|INF123_A|INF124|INF124_A|INF124_B1|INF124_B2|INF124_B3|INF124_B4|INF124_B5|INF124_B6|INF124_B7|INF124_B8|INF124_B9|INF124_B10|INF124_B11|INF124_B12|INF124_B13|INF124_B14|INF124_B15|INF124_B16|INF124_B17|INF124_B18|INF124_B19|INF124_B20|INF124_B21|INF124_B22|INF124_B23|INF124_B24|INF124_B25|INF124_B26|INF124_B27|INF124_B28|INF124_B29|INF124_B30|INF124_B31|INF124_B32|INF124_B33|INF124_B34|INF124_B35|INF124_B36|INF124_B37|INF124_B38|INF124_B39|INF124_B40|INF125|INF125_A|INF126_1|INF126_2|INF126_3|INF126_4|INF126_5|INF126_6|INF126_7|INF126_8|INF126_9|INF126_10|INF126_11|INF126_12|INF126_13|INF126_14|INF126_15|INF126_16|INF126_O|GPSLATITUD_INF|GPSLONGITUD_INF
0001|100601|01|RUPA-RUPA|5|4|||||||||||||||||||||||||||||2|10|6|1|1|0|10|6|8|1|0|||||||||||||||||||||||||||||||||||||||||58|1|0|0|0|53|4|0|0|6|0|0|0|0|4|2|0|0|13|0|0|0|0|13|0|0|0|0|0|0|0|0|0|0|0|0|9|0|0|0|0|9|0|0|0|6|0|0|0|0|6|0|0|0|0|0|0|0|0|0|0|0|0|2|0|0|0|0|0|2|0|0|9|0|0|0|0|9|0|0|0|1|1|0|0|0|0|0|0|0|12|PUESTO DE AUXILIO RAPIDO|0|0|0|0|12|0|0|0|0||1|1|0||0||0||0||1|3|1|8|1|2|1|1|1|1|1|9|1|16|1|17|58|0|1|1|1|6|4|4|4|4|4|4|||||||||||||||||||||||||||||||||||1|||||||||||||||||||-9.29806953|-76.00260836
0002|100606|06|MARIANO DAMASO BERAUN|2|4|||||||||||||||||||||||||||||1|10|6|6|1|0||||||||||||||||||||||||||||||||||||||||||||||18|1|0|0|0|17|0|0|0|2|0|0|0|0|2|0|0|0|4|0|0|0|0|4|0|0|0|0|0|0|0|0|0|0|0|0|3|0|0|0|0|3|0|0|0|3|0|0|0|0|3|0|0|0|1|0|0|0|0|1|0|0|0|2|0|0|0|0|2|0|0|0|2|0|0|0|0|2|0|0|0|1|1|0|0|0|0|0|0|0|0||0|0|0|0|0|0|0|0|0||0||0||1|1|0||0||0||1|1|1|3|1|1|1|1|1|1|1|5|1|5|18|0|1|7|2|||||||||||||||||||||||||||||||||||||||||||||||||||||||||||||-9.49461342|-75.95306846
0003|100604|04|JOSE CRESPO Y CASTILLO|4|4|||||||||||||||||||||||||||||2|10|6|4|0|1|10|6|7|0|1|||||||||||||||||||||||||||||||||||||||||27|1|0|0|0|24|2|0|0|2|0|0|0|0|1|1|0|0|9|0|0|0|0|9|0|0|0|0|0|0|0|0|0|0|0|0|2|0|0|0|0|2|0|0|0|2|0|0|0|0|2|0|0|0|1|0|0|0|0|1|0|0|0|1|0|0|0|0|0|1|0|0|6|0|0|0|0|6|0|0|0|2|1|0|0|0|1|0|0|0|2|APOYO A LA JUSTICIA|0|0|0|0|2|0|0|0|0||0||1|1|0||0||0||1|1|0||1|4|1|1|1|4|1|2|1|4|1|10|27|0|1|3|2|||||||||||||||||||||||||||||||||||||||||||||||||||||||||||||-8.93140901|-76.11188986
0004|221001|01|TOCACHE|2|3||||||||1|22|10||||||||||||||||||||||||||||||||||||||||||||||||||||||||||||||||||||||55|2|0|0|0|38|15|0|0|6|0|0|0|0|3|3|0|0|20|0|0|0|0|20|0|0|0|7|0|0|0|0|2|5|0|0|2|0|0|0|0|0|2|0|0|3|0|0|0|0|3|0|0|0|2|0|0|0|0|0|2|0|0|2|0|0|0|0|0|2|0|0|11|0|0|0|0|10|1|0|0|2|2|0|0|0|0|0|0|0|0||0|0|0|0|0|0|0|0|0||0||1|1|1|1|0||0||0||1|1|1|5|1|2|1|3|0||1|5|1|37|55|0|2||2|||||||||||||||||||||||||||||||||||||||||||||||||||||||||||||-8.1884396|-76.51227108
0005|221002|02|NUEVO PROGRESO|2|4|||||||||||||||||||||||||||||1|22|10|2|1|0||||||||||||||||||||||||||||||||||||||||||||||28|0|1|0|0|24|3|0|0|1|0|0|0|0|0|1|0|0|12|0|0|0|0|12|0|0|0|0|0|0|0|0|0|0|0|0|4|0|0|0|0|4|0|0|0|2|0|0|0|0|2|0|0|0|2|0|0|0|0|1|1|0|0|1|0|0|0|0|0|1|0|0|4|0|0|0|0|4|0|0|0|2|0|1|0|0|1|0|0|0|0||0|0|0|0|0|0|0|0|0||0||0||0||1|1|0||0||1|1|0||1|1|1|1|1|3|1|3|1|18|28|0|2||2|||||||||||||||||||||||||||||||||||||||||||||||||||||||||||||-8.45341229|-76.3241724
0006|221005|05|UCHIZA|1|4|||||||||||||||||||||||||||||1|22|10|5|0|1||||||||||||||||||||||||||||||||||||||||||||||35|1|0|0|0|29|5|0|0|2|0|0|0|0|1|1|0|0|10|0|0|0|0|10|0|0|0|2|0|0|0|0|2|0|0|0|4|0|0|0|0|4|0|0|0|2|0|0|0|0|2|0|0|0|2|0|0|0|0|0|2|0|0|2|0|0|0|0|0|2|0|0|10|0|0|0|0|10|0|0|0|1|1|0|0|0|0|0|0|0|0||0|0|0|0|0|0|0|0|0||0||0||1|1|0||0||0||0||1|2|1|2|1|2|1|6|1|3|1|19|35|0|2||2|||||||||||||||||||||||||||||||||||||||||||||||||||||||||||||-8.45046975|-76.46217742
0007|250301|01|PADRE ABAD|4|4|||||||||||||||||||||||||||||1|25|3|1|0|1||||||||||||||||||||||||||||||||||||||||||||||29|1|0|0|0|27|1|0|0|2|0|0|0|0|2|0|0|0|8|0|0|0|0|8|0|0|0|2|0|0|0|0|2|0|0|0|8|0|0|0|0|8|0|0|0|2|0|0|0|0|2|0|0|0|2|0|0|0|0|2|0|0|0|2|0|0|0|0|1|1|0|0|2|0|0|0|0|2|0|0|0|1|1|0|0|0|0|0|0|0|0||0|0|0|0|0|0|0|0|0||1|1|0||0||0||0||1|2|0||1|2|1|1|1|1|1|3|1|5|1|14|29|0|1|2|1|1|8||||||||||||||||||||||||||||||||||||||||1|||||||||||||||||||-9.03794253|-75.50689252
0008|250305|05|ALEXANDER VON HUMBOLDT|3|3||||||||1|25|3||||||||||||||||||||||||||||||||||||||||||||||||||||||||||||||||||||||22|1|0|0|0|20|1|0|0|1|0|0|0|0|0|1|0|0|4|0|0|0|0|4|0|0|0|0|0|0|0|0|0|0|0|0|4|0|0|0|0|4|0|0|0|4|0|0|0|0|4|0|0|0|4|0|0|0|0|4|0|0|0|2|0|0|0|0|2|0|0|0|2|0|0|0|0|2|0|0|0|1|1|0|0|0|0|0|0|0|0||0|0|0|0|0|0|0|0|0||0||1|1|0||0||0||1|1|0||1|2|1|4|1|1|0||1|5|1|8|22|0|2||1|1|2||||||||||||||||||||||||||||||||||||||||2|1|0|0|0|0|0|0|0|0|0|0|0|0|0|0|0|1|BOTIQUIN DE PRIMEROS AUXILIOS|-8.82538|-75.051607
0009|250302|02|IRAZOLA|3|4|||||||||||||||||||||||||||||1|25|3|2|1|0||||||||||||||||||||||||||||||||||||||||||||||21|1|0|0|0|19|1|0|0|2|0|0|0|0|1|1|0|0|4|0|0|0|0|4|0|0|0|2|0|0|0|0|2|0|0|0|4|0|0|0|0|4|0|0|0|2|0|0|0|0|2|0|0|0|2|0|0|0|0|2|0|0|0|3|0|0|0|0|3|0|0|0|1|0|0|0|0|1|0|0|0|1|1|0|0|0|0|0|0|0|0||0|0|0|0|0|0|0|0|0||0||0||0||0||1|1|0||1|1|1|2|1|1|1|2|0||1|8|1|6|21|0|2||2|||||||||||||||||||||||||||||||||||||||||||||||||||||||||||||-8.82951452|-75.21614922
0010|200101|01|PIURA|6|4|||||||||||||||||||||||||||||1|20|1|1|0|1||||||||||||||||||||||||||||||||||||||||||||||162|3|0|0|0|118|28|12|1|14|0|0|0|0|9|4|1|0|47|0|0|0|0|41|0|6|0|71|0|0|0|0|55|13|2|1|6|0|0|0|0|3|2|1|0|4|0|0|0|0|3|1|0|0|2|0|0|0|0|0|2|0|0|5|0|0|0|0|1|4|0|0|10|0|0|0|0|6|2|2|0|3|3|0|0|0|0|0|0|0|0||0|0|0|0|0|0|0|0|0||1|1|1|1|0||0||1|1|1|13|1|10|1|9|1|2|1|1|1|2|1|6|1|116|162|1|2||1|2|12|12|||||||||||||||||||||||||||||||||||||||1|||||||||||||||||||-5.19025882|-80.63408522
0011|200115|15|VEINTISEIS DE OCTUBRE|5|2||1|20|||||||||||||||||||||||||||||||||||||||||||||||||||||||||||||||||||||||||||||110|2|0|0|0|86|22|0|0|10|0|0|0|0|5|5|0|0|31|0|0|0|0|31|0|0|0|39|0|0|0|0|35|4|0|0|11|1|0|0|0|7|3|0|0|2|0|0|0|0|2|0|0|0|3|0|0|0|0|0|3|0|0|3|0|0|0|0|1|2|0|0|10|0|0|0|0|5|5|0|0|1|1|0|0|0|0|0|0|0|0||0|0|0|0|0|0|0|0|0||0||1|1|0||1|1|0||1|6|1|5|1|3|1|3|1|1|1|3|1|13|1|74|110|0|1|25|1|1|5||||||||||||||||||||||||||||||||||||||||1|||||||||||||||||||-5.185295|-80.668668
0012|200104|04|CASTILLA|5|4|||||||||||||||||||||||||||||1|20|1|4|0|1||||||||||||||||||||||||||||||||||||||||||||||55|1|0|0|0|42|12|0|0|9|0|0|0|0|1|8|0|0|24|0|0|0|0|24|0|0|0|0|0|0|0|0|0|0|0|0|6|0|0|0|0|6|0|0|0|2|0|0|0|0|1|1|0|0|3|0|0|0|0|0|3|0|0|2|0|0|0|0|2|0|0|0|8|0|0|0|0|8|0|0|0|1|1|0|0|0|0|0|0|0|0||0|0|0|0|0|0|0|0|0||0||0||1|1|0||0||1|3|0||1|4|0||1|2|1|3|1|12|1|30|55|0|2||1|1|1||||||||||||||||||||||||||||||||||||||||2|1|0|0|0|0|0|0|0|0|0|0|0|1|0|0|0|1|PONCHO IMPERMEABLE|-5.18713728|-80.59871083
0013|200104|04|CASTILLA|5|4|||||||||||||||||||||||||||||1|20|1|4|0|1||||||||||||||||||||||||||||||||||||||||||||||68|1|1|0|0|54|12|0|0|6|0|0|0|0|3|3|0|0|27|0|0|0|0|27|0|0|0|11|0|0|0|0|10|1|0|0|4|0|0|0|0|4|0|0|0|1|0|0|0|0|1|0|0|0|4|0|0|0|0|0|4|0|0|4|0|0|0|0|2|2|0|0|9|0|0|0|0|7|2|0|0|2|1|1|0|0|0|0|0|0|0||0|0|0|0|0|0|0|0|0||0||1|1|0||1|1|0||1|2|1|7|1|3|1|1|0||0||1|15|1|38|68|0|1|2|2|||||||||||||||||||||||||||||||||||||||||||||||||||||||||||||-5.22489622|-80.61842704
0014|200104|04|CASTILLA|5|4|||||||||||||||||||||||||||||1|20|1|4|0|1||||||||||||||||||||||||||||||||||||||||||||||79|2|0|0|0|64|13|0|0|6|0|0|0|0|4|2|0|0|42|0|0|0|0|41|1|0|0|0|0|0|0|0|0|0|0|0|7|0|0|0|0|7|0|0|0|2|0|0|0|0|1|1|0|0|3|0|0|0|0|0|3|0|0|4|0|0|0|0|1|3|0|0|13|0|0|0|0|10|3|0|0|2|2|0|0|0|0|0|0|0|0||0|0|0|0|0|0|0|0|0||0||0||1|1|0||1|1|1|6|1|6|1|4|0||1|3|0||1|4|1|54|79|0|1|5|2|||||||||||||||||||||||||||||||||||||||||||||||||||||||||||||-5.20563191|-80.62054045
0015|200104|04|CASTILLA|3|5|LOCAL|||||||||||||||||||||||||||||||||||||||||||||||||||||||||||||||||||||||||||||||13|0|1|0|0|5|7|0|0|2|0|0|0|0|0|2|0|0|0|0|0|0|0|0|0|0|0|4|0|0|0|0|2|2|0|0|1|0|0|0|0|0|1|0|0|1|0|0|0|0|0|1|0|0|1|0|0|0|0|0|1|0|0|0|0|0|0|0|0|0|0|0|3|0|0|0|0|3|0|0|0|1|0|1|0|0|0|0|0|0|0||0|0|0|0|0|0|0|0|0||0||0||0||1|1|0||1|2|0||1|1|1|1|0||0||1|2|1|6|13|0|2||2|||||||||||||||||||||||||||||||||||||||||||||||||||||||||||||-5.20561632|-80.61826875
0016|200101|01|PIURA|5|4|||||||||||||||||||||||||||||1|20|1|1|0|1||||||||||||||||||||||||||||||||||||||||||||||61|2|0|0|0|45|14|0|0|4|0|0|0|0|2|2|0|0|18|0|0|0|0|18|0|0|0|15|0|0|0|0|9|6|0|0|6|0|0|0|0|6|0|0|0|2|0|0|0|0|2|0|0|0|2|0|0|0|0|0|2|0|0|2|0|0|0|0|1|1|0|0|8|0|0|0|0|5|3|0|0|2|2|0|0|0|0|0|0|0|2|DESTACADOS|0|0|0|0|2|0|0|0|0||0||1|1|0||0||1|1|1|3|1|5|1|5|0||0||1|7|1|4|1|35|61|0|2||1|2|4|4|||||||||||||||||||||||||||||||||||||||1|||||||||||||||||||-5.1726354|-80.64974278
0017|200105|05|CATACAOS|3|5|LOCALIDAD (PARTE DEL DISTRITO)|||||||||||||||||||||||||||||||||||||||||||||||||||||||||||||||||||||||||||||||23|1|0|0|0|21|1|0|0|3|0|0|0|0|3|0|0|0|8|0|0|0|0|8|0|0|0|4|0|0|0|0|4|0|0|0|1|0|0|0|0|1|0|0|0|1|0|0|0|0|1|0|0|0|1|0|0|0|0|0|1|0|0|1|0|0|0|0|1|0|0|0|3|0|0|0|0|3|0|0|0|1|1|0|0|0|0|0|0|0|0||0|0|0|0|0|0|0|0|0||0||0||0||0||1|1|1|4|1|3|0||1|1|0||1|1|1|1|1|12|23|0|2||1|2|8|8|||||||||||||||||||||||||||||||||||||||1|||||||||||||||||||-5.24248333|-80.6637766
0018|200105|05|CATACAOS|5|4|||||||||||||||||||||||||||||1|20|1|5|1|0||||||||||||||||||||||||||||||||||||||||||||||119|2|0|0|0|102|15|0|0|7|0|0|0|0|2|5|0|0|45|0|0|0|0|45|0|0|0|40|0|0|0|0|40|0|0|0|5|0|0|0|0|5|0|0|0|2|0|0|0|0|1|1|0|0|2|0|0|0|0|0|2|0|0|2|0|0|0|0|1|1|0|0|14|0|0|0|0|8|6|0|0|2|2|0|0|0|0|0|0|0|0||0|0|0|0|0|0|0|0|0||0||1|1|1|1|0||0||1|8|1|4|1|3|0||0||1|2|1|11|1|89|119|0|2||2|||||||||||||||||||||||||||||||||||||||||||||||||||||||||||||-5.26451445|-80.67036549
0019|200107|07|CURA MORI|2|4|||||||||||||||||||||||||||||1|20|1|7|0|1||||||||||||||||||||||||||||||||||||||||||||||16|1|0|0|0|13|2|0|0|2|0|0|0|0|1|1|0|0|0|0|0|0|0|0|0|0|0|5|0|0|0|0|5|0|0|0|1|0|0|0|0|1|0|0|0|1|0|0|0|0|1|0|0|0|2|0|0|0|0|1|1|0|0|2|0|0|0|0|2|0|0|0|2|0|0|0|0|2|0|0|0|1|1|0|0|0|0|0|0|0|0||0|0|0|0|0|0|0|0|0||0||0||0||1|1|0||0||1|2|1|1|1|1|0||0||0||1|11|16|1|1|7|2|||||||||||||||||||||||||||||||||||||||||||||||||||||||||||||-5.32463504|-80.66488714
0020|200109|09|LA ARENA|4|4|||||||||||||||||||||||||||||1|20|1|9|1|0||||||||||||||||||||||||||||||||||||||||||||||24|1|0|0|0|20|3|0|0|3|0|0|0|0|1|2|0|0|6|0|0|0|0|6|0|0|0|3|0|0|0|0|3|0|0|0|2|0|0|0|0|2|0|0|0|1|0|0|0|0|1|0|0|0|2|0|0|0|0|1|1|0|0|1|0|0|0|0|1|0|0|0|5|0|0|0|0|5|0|0|0|1|1|0|0|0|0|0|0|0|0||0|0|0|0|0|0|0|0|0||0||0||1|1|0||0||1|1|1|1|1|2|1|3|0||0||1|3|1|13|24|1|1|10|1|1|4||||||||||||||||||||||||||||||||||||||||2|1|0|0|0|0|0|0|0|0|0|0|0|1|0|0|0|0||-5.34800031|-80.71298264
0021|200110|10|LA UNION|5|4|||||||||||||||||||||||||||||3|20|1|10|1|0|20|8|2|1|0|20|1|8|0|1||||||||||||||||||||||||||||||||||||46|1|0|0|0|37|8|0|0|4|0|0|0|0|0|4|0|0|19|0|0|0|0|19|0|0|0|9|0|0|0|0|9|0|0|0|2|0|0|0|0|2|0|0|0|1|0|0|0|0|1|0|0|0|2|0|0|0|0|0|2|0|0|2|0|0|0|0|1|1|0|0|4|0|0|0|0|3|1|0|0|3|1|0|0|0|2|0|0|0|0||0|0|0|0|0|0|0|0|0||0||1|1|0||0||0||1|4|1|2|1|1|1|2|1|1|1|3|1|6|1|26|46|0|1|10|2|||||||||||||||||||||||||||||||||||||||||||||||||||||||||||||-5.40232231|-80.74340563
0022|200111|11|LAS LOMAS|3|4|||||||||||||||||||||||||||||1|20|1|11|1|0||||||||||||||||||||||||||||||||||||||||||||||34|1|0|0|0|31|2|0|0|5|0|0|0|0|5|0|0|0|9|0|0|0|0|9|0|0|0|9|0|0|0|0|8|1|0|0|2|0|0|0|0|2|0|0|0|2|0|0|0|0|2|0|0|0|2|0|0|0|0|1|1|0|0|2|0|0|0|0|2|0|0|0|2|0|0|0|0|2|0|0|0|1|1|0|0|0|0|0|0|0|0||0|0|0|0|0|0|0|0|0||0||0||0||0||1|1|1|4|1|1|1|1|1|1|1|1|1|1|1|2|1|22|34|0|2||2|||||||||||||||||||||||||||||||||||||||||||||||||||||||||||||-4.65659873|-80.24390865
0023|200111|11|LAS LOMAS|2|5|CENTRO POBLADO|||||||||||||||||||||||||||||||||||||||||||||||||||||||||||||||||||||||||||||||10|0|0|0|0|10|0|0|0|1|0|0|0|0|1|0|0|0|1|0|0|0|0|1|0|0|0|2|0|0|0|0|2|0|0|0|1|0|0|0|0|1|0|0|0|1|0|0|0|0|1|0|0|0|1|0|0|0|0|1|0|0|0|1|0|0|0|0|1|0|0|0|1|0|0|0|0|1|0|0|0|1|0|0|0|0|1|0|0|0|0||0|0|0|0|0|0|0|0|0||0||0||0||0||0||1|1|1|2|0||0||0||0||1|1|1|6|10|0|2||2|||||||||||||||||||||||||||||||||||||||||||||||||||||||||||||-4.71969697|-80.13059805
0024|200114|14|TAMBO GRANDE|5|4|||||||||||||||||||||||||||||1|20|1|14|1|0||||||||||||||||||||||||||||||||||||||||||||||47|1|0|0|0|42|4|0|0|3|0|0|0|0|1|2|0|0|19|0|0|0|0|19|0|0|0|10|0|0|0|0|10|0|0|0|2|0|0|0|0|2|0|0|0|3|0|0|0|0|3|0|0|0|2|0|0|0|0|0|2|0|0|2|0|0|0|0|2|0|0|0|3|0|0|0|0|3|0|0|0|1|1|0|0|0|0|0|0|0|2|SOMETIDOS A LEY|0|0|0|0|2|0|0|0|0||0||1|1|0||0||0||1|1|1|1|1|2|0||1|2|1|2|1|4|1|34|47|0|2||2|||||||||||||||||||||||||||||||||||||||||||||||||||||||||||||-4.93225789|-80.34184538
0025|200114|14|TAMBO GRANDE|3|5|CENTRO POBLADO|||||||||||||||||||||||||||||||||||||||||||||||||||||||||||||||||||||||||||||||17|0|0|0|0|15|2|0|0|1|0|0|0|0|1|0|0|0|4|0|0|0|0|4|0|0|0|0|0|0|0|0|0|0|0|0|2|0|0|0|0|2|0|0|0|2|0|0|0|0|2|0|0|0|2|0|0|0|0|0|2|0|0|2|0|0|0|0|2|0|0|0|3|0|0|0|0|3|0|0|0|1|0|0|0|0|1|0|0|0|0||0|0|0|0|0|0|0|0|0||0||0||0||0||0||1|1|1|1|0||1|2|0||0||1|1|1|12|17|0|2||2|||||||||||||||||||||||||||||||||||||||||||||||||||||||||||||-4.83713722|-80.27016632
0026|200201|01|AYABACA|5|4|||||||||||||||||||||||||||||1|20|2|1|1|0||||||||||||||||||||||||||||||||||||||||||||||31|1|0|0|0|30|0|0|0|2|0|0|0|0|2|0|0|0|4|0|0|0|0|4|0|0|0|11|0|0|0|0|11|0|0|0|2|0|0|0|0|2|0|0|0|2|0|0|0|0|2|0|0|0|1|0|0|0|0|1|0|0|0|2|0|0|0|0|2|0|0|0|6|0|0|0|0|6|0|0|0|1|1|0|0|0|0|0|0|0|0||0|0|0|0|0|0|0|0|0||0||1|1|0||0||0||1|2|1|2|0||0||0||1|1|1|4|1|21|31|1|1|18|2|||||||||||||||||||||||||||||||||||||||||||||||||||||||||||||-4.63912067|-79.71481699
0027|200204|04|LAGUNAS|1|4|||||||||||||||||||||||||||||1|20|2|4|0|1||||||||||||||||||||||||||||||||||||||||||||||9|0|0|0|0|9|0|0|0|1|0|0|0|0|1|0|0|0|1|0|0|0|0|1|0|0|0|1|0|0|0|0|1|0|0|0|1|0|0|0|0|1|0|0|0|1|0|0|0|0|1|0|0|0|1|0|0|0|0|1|0|0|0|1|0|0|0|0|1|0|0|0|1|0|0|0|0|1|0|0|0|1|0|0|0|0|1|0|0|0|0||0|0|0|0|0|0|0|0|0||0||0||0||0||0||1|2|1|1|0||0||0||1|1|1|1|1|4|9|0|2||1|2|3|4|||||||||||||||||||||||||||||||||||||||1|||||||||||||||||||-4.704897|-79.853267
0028|200202|02|FRIAS|4|4|||||||||||||||||||||||||||||1|20|2|2|0|1||||||||||||||||||||||||||||||||||||||||||||||9|0|0|0|0|9|0|0|0|1|0|0|0|0|1|0|0|0|0|0|0|0|0|0|0|0|0|4|0|0|0|0|4|0|0|0|2|0|0|0|0|2|0|0|0|0|0|0|0|0|0|0|0|0|0|0|0|0|0|0|0|0|0|1|0|0|0|0|1|0|0|0|1|0|0|0|0|1|0|0|0|0|0|0|0|0|0|0|0|0|0||0|0|0|0|0|0|0|0|0||0||0||0||0||0||1|1|1|1|0||0||1|1|1|1|1|1|1|4|9|0|2||2|||||||||||||||||||||||||||||||||||||||||||||||||||||||||||||-4.9312108|-79.94810821
0029|200203|03|JILILI|1|4|||||||||||||||||||||||||||||1|20|2|3|1|0||||||||||||||||||||||||||||||||||||||||||||||8|0|0|0|0|8|0|0|0|0|0|0|0|0|0|0|0|0|1|0|0|0|0|1|0|0|0|1|0|0|0|0|1|0|0|0|1|0|0|0|0|1|0|0|0|1|0|0|0|0|1|0|0|0|1|0|0|0|0|1|0|0|0|1|0|0|0|0|1|0|0|0|1|0|0|0|0|1|0|0|0|1|0|0|0|0|1|0|0|0|0||0|0|0|0|0|0|0|0|0||0||0||0||0||0||1|1|1|2|0||0||0||0||0||1|5|8|0|1|2|2|||||||||||||||||||||||||||||||||||||||||||||||||||||||||||||-4.58342688|-79.79589446
0030|200205|05|MONTERO|2|4|||||||||||||||||||||||||||||1|20|2|5|1|0||||||||||||||||||||||||||||||||||||||||||||||11|0|0|0|0|11|0|0|0|1|0|0|0|0|1|0|0|0|2|0|0|0|0|2|0|0|0|2|0|0|0|0|2|0|0|0|1|0|0|0|0|1|0|0|0|1|0|0|0|0|1|0|0|0|1|0|0|0|0|1|0|0|0|1|0|0|0|0|1|0|0|0|1|0|0|0|0|1|0|0|0|1|0|0|0|0|1|0|0|0|0||0|0|0|0|0|0|0|0|0||0||0||0||0||0||1|1|0||1|1|1|1|1|1|0||1|4|1|3|11|0|2||2|||||||||||||||||||||||||||||||||||||||||||||||||||||||||||||-4.63258119|-79.82988335
0031|200206|06|PACAIPAMPA|3|4|||||||||||||||||||||||||||||1|20|2|6|1|0||||||||||||||||||||||||||||||||||||||||||||||7|0|0|0|0|7|0|0|0|1|0|0|0|0|1|0|0|0|2|0|0|0|0|2|0|0|0|0|0|0|0|0|0|0|0|0|1|0|0|0|0|1|0|0|0|0|0|0|0|0|0|0|0|0|0|0|0|0|0|0|0|0|0|1|0|0|0|0|1|0|0|0|1|0|0|0|0|1|0|0|0|1|0|0|0|0|1|0|0|0|0||0|0|0|0|0|0|0|0|0||0||0||0||0||0||0||1|1|1|2|0||0||0||1|1|1|3|7|0|1|1|2|||||||||||||||||||||||||||||||||||||||||||||||||||||||||||||-4.99551553|-79.6689123
0032|200207|07|PAIMAS|3|4|||||||||||||||||||||||||||||1|20|2|7|1|0||||||||||||||||||||||||||||||||||||||||||||||12|0|0|0|0|11|1|0|0|1|0|0|0|0|1|0|0|0|2|0|0|0|0|2|0|0|0|2|0|0|0|0|2|0|0|0|2|0|0|0|0|2|0|0|0|0|0|0|0|0|0|0|0|0|0|0|0|0|0|0|0|0|0|2|0|0|0|0|1|1|0|0|2|0|0|0|0|2|0|0|0|1|0|0|0|0|1|0|0|0|0||0|0|0|0|0|0|0|0|0||0||0||0||0||0||1|1|1|1|1|2|1|2|0||1|1|0||1|5|12|0|2||1|1|12||||||||||||||||||||||||||||||||||||||||1|||||||||||||||||||-4.62714456|-79.94721358
0033|200208|08|SAPILLICA|2|4|||||||||||||||||||||||||||||1|20|2|8|0|1||||||||||||||||||||||||||||||||||||||||||||||14|1|0|0|0|13|0|0|0|1|0|0|0|0|1|0|0|0|0|0|0|0|0|0|0|0|0|2|0|0|0|0|2|0|0|0|2|0|0|0|0|2|0|0|0|2|0|0|0|0|2|0|0|0|2|0|0|0|0|2|0|0|0|2|0|0|0|0|2|0|0|0|2|0|0|0|0|2|0|0|0|1|1|0|0|0|0|0|0|0|0||0|0|0|0|0|0|0|0|0||0||0||0||1|1|0||1|1|1|1|0||1|1|0||0||1|2|1|8|14|0|2||1|1|10||||||||||||||||||||||||||||||||||||||||1|||||||||||||||||||-4.77937096|-79.98242159
0034|200209|09|SICCHEZ|1|4|||||||||||||||||||||||||||||1|20|2|9|1|0||||||||||||||||||||||||||||||||||||||||||||||8|0|0|0|0|8|0|0|0|1|0|0|0|0|1|0|0|0|1|0|0|0|0|1|0|0|0|1|0|0|0|0|1|0|0|0|1|0|0|0|0|1|0|0|0|1|0|0|0|0|1|0|0|0|0|0|0|0|0|0|0|0|0|1|0|0|0|0|1|0|0|0|1|0|0|0|0|1|0|0|0|1|0|0|0|0|1|0|0|0|0||0|0|0|0|0|0|0|0|0||0||0||0||0||0||1|1|0||0||1|2|0||0||1|1|1|4|8|0|1|1|2|||||||||||||||||||||||||||||||||||||||||||||||||||||||||||||-4.57030661|-79.76424243
0035|200210|10|SUYO|3|4|||||||||||||||||||||||||||||1|20|2|10|1|0||||||||||||||||||||||||||||||||||||||||||||||22|1|0|0|0|21|0|0|0|5|0|0|0|0|5|0|0|0|2|0|0|0|0|2|0|0|0|4|0|0|0|0|4|0|0|0|2|0|0|0|0|2|0|0|0|2|0|0|0|0|2|0|0|0|2|0|0|0|0|2|0|0|0|2|0|0|0|0|2|0|0|0|2|0|0|0|0|2|0|0|0|1|1|0|0|0|0|0|0|0|0||0|0|0|0|0|0|0|0|0||0||0||1|1|0||0||1|7|1|3|1|1|1|1|1|1|1|1|1|1|1|6|22|0|1|2|1|2|6|6|||||||||||||||||||||||||||||||||||||||1|||||||||||||||||||-4.51284906|-80.00124038
0036|200301|01|HUANCABAMBA|5|3||||||||1|20|3||||||||||||||||||||||||||||||||||||||||||||||||||||||||||||||||||||||33|1|0|0|0|31|1|0|0|4|0|0|0|0|4|0|0|0|16|0|0|0|0|16|0|0|0|2|0|0|0|0|2|0|0|0|2|0|0|0|0|2|0|0|0|2|0|0|0|0|2|0|0|0|2|0|0|0|0|1|1|0|0|2|0|0|0|0|2|0|0|0|2|0|0|0|0|2|0|0|0|1|1|0|0|0|0|0|0|0|0||0|0|0|0|0|0|0|0|0||0||1|1|0||0||0||1|2|1|1|1|2|0||1|1|0||1|6|1|20|33|0|1|5|1|2|4|4|||||||||||||||||||||||||||||||||||||||2|2|1|0|0|0|0|0|0|1|1|0|0|1|0|0|0|1|PONCHO IMPERMEABLE|-5.23629656|-79.4530385
0037|200302|02|CANCHAQUE|3|4|||||||||||||||||||||||||||||1|20|3|2|1|0||||||||||||||||||||||||||||||||||||||||||||||14|1|0|0|0|13|0|0|0|1|0|0|0|0|1|0|0|0|2|0|0|0|0|2|0|0|0|3|0|0|0|0|3|0|0|0|1|0|0|0|0|1|0|0|0|1|0|0|0|0|1|0|0|0|1|0|0|0|0|1|0|0|0|1|0|0|0|0|1|0|0|0|2|0|0|0|0|2|0|0|0|2|1|0|0|0|1|0|0|0|0||0|0|0|0|0|0|0|0|0||0||0||0||1|1|0||1|2|1|3|1|1|1|1|1|6|0||0||0||14|0|1|2|1|1|2||||||||||||||||||||||||||||||||||||||||2|1|1|1|0|0|0|0|0|1|1|1|0|1|0|0|0|0||-5.37627398|-79.60647171
0038|200302|02|CANCHAQUE|3|4|||||||||||||||||||||||||||||1|20|3|2|1|0||||||||||||||||||||||||||||||||||||||||||||||14|0|0|0|0|14|0|0|0|1|0|0|0|0|1|0|0|0|3|0|0|0|0|3|0|0|0|2|0|0|0|0|2|0|0|0|2|0|0|0|0|2|0|0|0|1|0|0|0|0|1|0|0|0|1|0|0|0|0|1|0|0|0|1|0|0|0|0|1|0|0|0|2|0|0|0|0|2|0|0|0|1|0|0|0|0|1|0|0|0|0||0|0|0|0|0|0|0|0|0||0||0||0||0||0||1|1|1|2|0||0||0||1|1|1|1|1|9|14|0|1|1|1|1|2||||||||||||||||||||||||||||||||||||||||1|||||||||||||||||||-5.2271838|-79.64515076
0039|200303|03|EL CARMEN DE LA FRONTERA|3|4|||||||||||||||||||||||||||||1|20|3|3|1|0||||||||||||||||||||||||||||||||||||||||||||||9|0|0|0|0|9|0|0|0|1|0|0|0|0|1|0|0|0|2|0|0|0|0|2|0|0|0|1|0|0|0|0|1|0|0|0|1|0|0|0|0|1|0|0|0|1|0|0|0|0|1|0|0|0|0|0|0|0|0|0|0|0|0|1|0|0|0|0|1|0|0|0|1|0|0|0|0|1|0|0|0|1|0|0|0|0|1|0|0|0|0||0|0|0|0|0|0|0|0|0||0||0||0||0||0||0||1|1|1|2|1|1|0||0||1|2|1|3|9|0|1|1|1|1|4||||||||||||||||||||||||||||||||||||||||2|1|1|0|0|0|0|0|0|0|0|0|1|1|0|0|0|1|PONCHO IMPERMEABLE|-5.14830191|-79.42836596
0040|200304|04|HUARMACA|5|4|||||||||||||||||||||||||||||1|20|3|4|1|0||||||||||||||||||||||||||||||||||||||||||||||21|1|0|0|0|20|0|0|0|2|0|0|0|0|2|0|0|0|4|0|0|0|0|4|0|0|0|4|0|0|0|0|4|0|0|0|2|0|0|0|0|2|0|0|0|1|0|0|0|0|1|0|0|0|2|0|0|0|0|2|0|0|0|1|0|0|0|0|1|0|0|0|4|0|0|0|0|4|0|0|0|1|1|0|0|0|0|0|0|0|0||0|0|0|0|0|0|0|0|0||0||0||0||1|1|0||1|1|0||1|6|0||0||1|1|1|2|1|10|21|0|1|1|2|||||||||||||||||||||||||||||||||||||||||||||||||||||||||||||-5.56772558|-79.52362819
0041|200306|06|SAN MIGUEL DE EL FAIQUE|3|4|||||||||||||||||||||||||||||1|20|3|6|1|0||||||||||||||||||||||||||||||||||||||||||||||10|0|0|0|0|10|0|0|0|1|0|0|0|0|1|0|0|0|2|0|0|0|0|2|0|0|0|1|0|0|0|0|1|0|0|0|1|0|0|0|0|1|0|0|0|1|0|0|0|0|1|0|0|0|1|0|0|0|0|1|0|0|0|1|0|0|0|0|1|0|0|0|1|0|0|0|0|1|0|0|0|1|0|0|0|0|1|0|0|0|0||0|0|0|0|0|0|0|0|0||0||0||0||0||0||1|1|1|1|1|1|0||0||0||0||1|7|10|0|1|2|1|1|4||||||||||||||||||||||||||||||||||||||||1|||||||||||||||||||-5.40098284|-79.60690142
0042|200307|07|SONDOR|3|4|||||||||||||||||||||||||||||1|20|3|7|1|0||||||||||||||||||||||||||||||||||||||||||||||8|0|0|0|0|8|0|0|0|1|0|0|0|0|1|0|0|0|2|0|0|0|0|2|0|0|0|0|0|0|0|0|0|0|0|0|1|0|0|0|0|1|0|0|0|0|0|0|0|0|0|0|0|0|1|0|0|0|0|1|0|0|0|1|0|0|0|0|1|0|0|0|1|0|0|0|0|1|0|0|0|1|0|0|0|0|1|0|0|0|0||0|0|0|0|0|0|0|0|0||0||0||0||0||0||1|1|1|1|0||0||0||0||1|4|1|2|8|0|2||1|1|3||||||||||||||||||||||||||||||||||||||||1|||||||||||||||||||-5.31530144|-79.40981625
0043|200308|08|SONDORILLO|3|4|||||||||||||||||||||||||||||1|20|3|8|1|0||||||||||||||||||||||||||||||||||||||||||||||9|0|0|0|0|9|0|0|0|1|0|0|0|0|1|0|0|0|2|0|0|0|0|2|0|0|0|0|0|0|0|0|0|0|0|0|1|0|0|0|0|1|0|0|0|1|0|0|0|0|1|0|0|0|1|0|0|0|0|1|0|0|0|1|0|0|0|0|1|0|0|0|1|0|0|0|0|1|0|0|0|1|0|0|0|0|1|0|0|0|0||0|0|0|0|0|0|0|0|0||0||0||0||0||0||1|1|1|3|0||1|1|1|1|0||0||1|3|9|0|2||1|1|3||||||||||||||||||||||||||||||||||||||||1|||||||||||||||||||-5.33896224|-79.42847169
0044|200401|01|CHULUCANAS|5|4|||||||||||||||||||||||||||||1|20|4|1|0|1||||||||||||||||||||||||||||||||||||||||||||||87|2|1|0|0|74|10|0|0|4|0|0|0|0|2|2|0|0|30|0|0|0|0|29|1|0|0|27|0|0|0|0|27|0|0|0|7|1|0|0|0|5|1|0|0|2|0|0|0|0|2|0|0|0|4|0|0|0|0|0|4|0|0|3|0|1|0|0|0|2|0|0|6|0|0|0|0|6|0|0|0|1|1|0|0|0|0|0|0|0|3|APOYO A LA JUSTICIA|0|0|0|0|3|0|0|0|0||1|1|1|1|0||0||1|1|1|4|1|9|1|7|1|1|0||1|5|1|11|1|47|87|2|1|23|2|||||||||||||||||||||||||||||||||||||||||||||||||||||||||||||-5.09389795|-80.16047174
0045|200401|01|CHULUCANAS|3|5|CENTRO POBLADO|||||||||||||||||||||||||||||||||||||||||||||||||||||||||||||||||||||||||||||||9|0|0|0|0|8|1|0|0|1|0|0|0|0|0|1|0|0|1|0|0|0|0|1|0|0|0|1|0|0|0|0|1|0|0|0|1|0|0|0|0|1|0|0|0|1|0|0|0|0|1|0|0|0|1|0|0|0|0|1|0|0|0|1|0|0|0|0|1|0|0|0|1|0|0|0|0|1|0|0|0|1|0|0|0|0|1|0|0|0|0||0|0|0|0|0|0|0|0|0||0||0||0||0||0||1|1|1|1|1|1|0||0||1|1|1|2|1|3|9|0|2||1|1|3||||||||||||||||||||||||||||||||||||||||1|||||||||||||||||||-5.16925819|-80.18602417
0046|200401|01|CHULUCANAS|3|5|LOCALIDAD (PARTE DEL DISTRITO)|||||||||||||||||||||||||||||||||||||||||||||||||||||||||||||||||||||||||||||||10|0|0|0|0|10|0|0|0|1|0|0|0|0|1|0|0|0|2|0|0|0|0|2|0|0|0|1|0|0|0|0|1|0|0|0|1|0|0|0|0|1|0|0|0|1|0|0|0|0|1|0|0|0|1|0|0|0|0|1|0|0|0|1|0|0|0|0|1|0|0|0|1|0|0|0|0|1|0|0|0|1|0|0|0|0|1|0|0|0|0||0|0|0|0|0|0|0|0|0||0||0||0||0||0||1|1|0||1|1|1|1|0||0||1|2|1|5|10|0|2||2|||||||||||||||||||||||||||||||||||||||||||||||||||||||||||||-5.01624496|-80.2208425
0047|200401|01|CHULUCANAS|3|5|CENTRO POBLADO|||||||||||||||||||||||||||||||||||||||||||||||||||||||||||||||||||||||||||||||8|0|0|0|0|8|0|0|0|1|0|0|0|0|1|0|0|0|2|0|0|0|0|2|0|0|0|0|0|0|0|0|0|0|0|0|0|0|0|0|0|0|0|0|0|1|0|0|0|0|1|0|0|0|1|0|0|0|0|1|0|0|0|1|0|0|0|0|1|0|0|0|1|0|0|0|0|1|0|0|0|1|0|0|0|0|1|0|0|0|0||0|0|0|0|0|0|0|0|0||0||0||0||0||0||1|1|1|1|0||0||0||0||1|3|1|3|8|0|2||1|2|2|2|||||||||||||||||||||||||||||||||||||||2|2|1|1|0|0|0|0|0|0|0|0|0|1|0|0|0|1|CHALECO SALVAVIDA|-5.06271714|-80.13989801
0048|200401|01|CHULUCANAS|2|4|||||||||||||||||||||||||||||2|20|4|1|0|1|20|4|4|0|1|||||||||||||||||||||||||||||||||||||||||15|0|0|0|0|15|0|0|0|1|0|0|0|0|1|0|0|0|2|0|0|0|0|2|0|0|0|1|0|0|0|0|1|0|0|0|1|0|0|0|0|1|0|0|0|0|0|0|0|0|0|0|0|0|0|0|0|0|0|0|0|0|0|1|0|0|0|0|1|0|0|0|1|0|0|0|0|1|0|0|0|1|0|0|0|0|1|0|0|0|7|PUESTO DE AUXILIO RAPIDO|0|0|0|0|7|0|0|0|0||0||0||0||0||0||1|2|1|1|0||0||0||0||1|3|1|9|15|1|2||2|||||||||||||||||||||||||||||||||||||||||||||||||||||||||||||-5.11075|-80.062964
0049|200402|02|BUENOS AIRES|3|4|||||||||||||||||||||||||||||1|20|4|2|1|0||||||||||||||||||||||||||||||||||||||||||||||7|0|0|0|0|7|0|0|0|1|0|0|0|0|1|0|0|0|2|0|0|0|0|2|0|0|0|1|0|0|0|0|1|0|0|0|0|0|0|0|0|0|0|0|0|0|0|0|0|0|0|0|0|0|1|0|0|0|0|1|0|0|0|1|0|0|0|0|1|0|0|0|0|0|0|0|0|0|0|0|0|1|0|0|0|0|1|0|0|0|0||0|0|0|0|0|0|0|0|0||0||0||0||0||0||1|1|1|2|1|1|1|1|0||0||0||1|2|7|0|2||1|1|4||||||||||||||||||||||||||||||||||||||||1|||||||||||||||||||-5.26162186|-79.96732689
0050|200403|03|CHALACO|2|4|||||||||||||||||||||||||||||1|20|4|3|0|1||||||||||||||||||||||||||||||||||||||||||||||6|0|0|0|0|6|0|0|0|1|0|0|0|0|1|0|0|0|1|0|0|0|0|1|0|0|0|1|0|0|0|0|1|0|0|0|0|0|0|0|0|0|0|0|0|0|0|0|0|0|0|0|0|0|0|0|0|0|0|0|0|0|0|1|0|0|0|0|1|0|0|0|1|0|0|0|0|1|0|0|0|1|0|0|0|0|1|0|0|0|0||0|0|0|0|0|0|0|0|0||0||0||0||0||0||0||1|3|0||0||0||0||0||1|3|6|0|1|1|1|1|5||||||||||||||||||||||||||||||||||||||||2|1|0|0|0|0|0|0|0|0|0|0|0|1|0|0|0|1|PONCHO IMPERMEABLE|-5.03944778|-79.79450788
0051|200404|04|LA MATANZA|3|4|||||||||||||||||||||||||||||1|20|4|4|1|0||||||||||||||||||||||||||||||||||||||||||||||12|1|0|0|0|10|1|0|0|1|0|0|0|0|1|0|0|0|4|0|0|0|0|4|0|0|0|1|0|0|0|0|1|0|0|0|1|0|0|0|0|1|0|0|0|1|0|0|0|0|1|0|0|0|1|0|0|0|0|0|1|0|0|1|0|0|0|0|1|0|0|0|1|0|0|0|0|1|0|0|0|1|1|0|0|0|0|0|0|0|0||0|0|0|0|0|0|0|0|0||0||0||0||1|1|0||1|1|0||0||1|1|0||0||0||1|9|12|0|2||2|||||||||||||||||||||||||||||||||||||||||||||||||||||||||||||-5.21495339|-80.0902497
0052|200405|05|MORROPON|5|3||||||||1|20|4||||||||||||||||||||||||||||||||||||||||||||||||||||||||||||||||||||||56|1|0|0|0|51|4|0|0|4|0|0|0|0|4|0|0|0|16|0|0|0|0|16|0|0|0|21|0|0|0|0|21|0|0|0|4|0|0|0|0|4|0|0|0|1|0|0|0|0|1|0|0|0|2|0|0|0|0|0|2|0|0|3|0|0|0|0|1|2|0|0|4|0|0|0|0|4|0|0|0|1|1|0|0|0|0|0|0|0|0||0|0|0|0|0|0|0|0|0||0||1|1|0||0||0||1|2|1|1|1|2|1|2|1|3|1|1|1|8|1|36|56|0|2||1|2|8|8|||||||||||||||||||||||||||||||||||||||1|||||||||||||||||||-5.18871096|-79.97130822
0053|200202|02|FRIAS|2|4|||||||||||||||||||||||||||||1|20|4|1|0|1||||||||||||||||||||||||||||||||||||||||||||||7|0|0|0|0|7|0|0|0|1|0|0|0|0|1|0|0|0|2|0|0|0|0|2|0|0|0|1|0|0|0|0|1|0|0|0|0|0|0|0|0|0|0|0|0|0|0|0|0|0|0|0|0|0|0|0|0|0|0|0|0|0|0|1|0|0|0|0|1|0|0|0|1|0|0|0|0|1|0|0|0|1|0|0|0|0|1|0|0|0|0||0|0|0|0|0|0|0|0|0||0||0||0||0||0||1|1|0||0||1|1|1|1|0||1|1|1|3|7|0|2||2|||||||||||||||||||||||||||||||||||||||||||||||||||||||||||||-4.99727654|-79.95886617
0054|200406|06|SALITRAL|3|4|||||||||||||||||||||||||||||1|20|4|6|1|0||||||||||||||||||||||||||||||||||||||||||||||10|0|0|0|0|10|0|0|0|1|0|0|0|0|1|0|0|0|4|0|0|0|0|4|0|0|0|1|0|0|0|0|1|0|0|0|0|0|0|0|0|0|0|0|0|1|0|0|0|0|1|0|0|0|0|0|0|0|0|0|0|0|0|1|0|0|0|0|1|0|0|0|1|0|0|0|0|1|0|0|0|1|0|0|0|0|1|0|0|0|0||0|0|0|0|0|0|0|0|0||0||0||0||0||0||1|1|1|2|1|4|1|1|0||1|1|0||1|1|10|0|2||2|||||||||||||||||||||||||||||||||||||||||||||||||||||||||||||-5.34204084|-79.83327967
0055|200408|08|SANTA CATALINA DE MOSSA|1|4|||||||||||||||||||||||||||||2|20|4|8|0|1|20|4|3|0|1|||||||||||||||||||||||||||||||||||||||||8|0|0|0|0|7|1|0|0|1|0|0|0|0|0|1|0|0|2|0|0|0|0|2|0|0|0|2|0|0|0|0|2|0|0|0|0|0|0|0|0|0|0|0|0|0|0|0|0|0|0|0|0|0|0|0|0|0|0|0|0|0|0|1|0|0|0|0|1|0|0|0|1|0|0|0|0|1|0|0|0|1|0|0|0|0|1|0|0|0|0||0|0|0|0|0|0|0|0|0||0||0||0||0||0||1|1|0||0||0||0||1|1|1|1|1|5|8|0|2||2|||||||||||||||||||||||||||||||||||||||||||||||||||||||||||||-5.075545|-79.875847
0056|200408|08|SANTA CATALINA DE MOSSA|1|4|||||||||||||||||||||||||||||1|20|4|8|0|1||||||||||||||||||||||||||||||||||||||||||||||9|0|0|0|0|8|1|0|0|1|0|0|0|0|1|0|0|0|1|0|0|0|0|1|0|0|0|1|0|0|0|0|1|0|0|0|0|0|0|0|0|0|0|0|0|1|0|0|0|0|1|0|0|0|1|0|0|0|0|0|1|0|0|1|0|0|0|0|1|0|0|0|2|0|0|0|0|2|0|0|0|1|0|0|0|0|1|0|0|0|0||0|0|0|0|0|0|0|0|0||0||0||0||0||0||1|1|1|1|0||1|2|0||0||0||1|5|9|0|2||2|||||||||||||||||||||||||||||||||||||||||||||||||||||||||||||-5.10401535|-79.88684641
0057|200409|09|SANTO DOMINGO|3|4|||||||||||||||||||||||||||||1|20|4|9|1|0||||||||||||||||||||||||||||||||||||||||||||||8|0|0|0|0|8|0|0|0|1|0|0|0|0|1|0|0|0|1|0|0|0|0|1|0|0|0|1|0|0|0|0|1|0|0|0|1|0|0|0|0|1|0|0|0|0|0|0|0|0|0|0|0|0|1|0|0|0|0|1|0|0|0|1|0|0|0|0|1|0|0|0|1|0|0|0|0|1|0|0|0|1|0|0|0|0|1|0|0|0|0||0|0|0|0|0|0|0|0|0||0||0||0||0||0||1|1|0||0||0||0||1|1|0||1|6|8|0|1|2|1|1|3||||||||||||||||||||||||||||||||||||||||1|||||||||||||||||||-5.02895216|-79.87570276
0058|200410|10|YAMANGO|2|4|||||||||||||||||||||||||||||1|20|4|10|1|0||||||||||||||||||||||||||||||||||||||||||||||6|0|0|0|0|6|0|0|0|1|0|0|0|0|1|0|0|0|1|0|0|0|0|1|0|0|0|1|0|0|0|0|1|0|0|0|0|0|0|0|0|0|0|0|0|0|0|0|0|0|0|0|0|0|0|0|0|0|0|0|0|0|0|1|0|0|0|0|1|0|0|0|1|0|0|0|0|1|0|0|0|1|0|0|0|0|1|0|0|0|0||0|0|0|0|0|0|0|0|0||0||0||0||0||0||0||1|2|0||0||0||0||1|1|1|3|6|0|2||2|||||||||||||||||||||||||||||||||||||||||||||||||||||||||||||-5.18025258|-79.75479272
0059|200501|01|PAITA|5|3||||||||1|20|5||||||||||||||||||||||||||||||||||||||||||||||||||||||||||||||||||||||78|1|0|0|0|71|6|0|0|5|0|0|0|0|3|2|0|0|36|0|0|0|0|36|0|0|0|7|0|0|0|0|7|0|0|0|9|0|0|0|0|9|0|0|0|2|0|0|0|0|2|0|0|0|4|0|0|0|0|0|4|0|0|1|0|0|0|0|1|0|0|0|2|0|0|0|0|2|0|0|0|3|1|0|0|0|2|0|0|0|9|CHOFER|0|0|0|0|9|0|0|0|0||1|1|0||0||0||0||1|9|1|4|1|5|1|1|0||1|2|1|12|1|44|78|0|2||2|||||||||||||||||||||||||||||||||||||||||||||||||||||||||||||-5.08647422|-81.11042915
0060|200501|01|PAITA|5|4|||||||||||||||||||||||||||||1|20|5|1|0|1||||||||||||||||||||||||||||||||||||||||||||||62|1|0|0|0|58|3|0|0|3|0|0|0|0|2|1|0|0|23|0|0|0|0|23|0|0|0|7|0|0|0|0|7|0|0|0|11|0|0|0|0|10|1|0|0|3|0|0|0|0|3|0|0|0|3|0|0|0|0|2|1|0|0|1|0|0|0|0|1|0|0|0|10|0|0|0|0|10|0|0|0|1|1|0|0|0|0|0|0|0|0||0|0|0|0|0|0|0|0|0||0||1|1|0||0||0||1|4|1|5|1|2|1|1|1|1|1|1|1|6|1|41|62|0|2||2|||||||||||||||||||||||||||||||||||||||||||||||||||||||||||||-5.094664|-81.1001535
0061|200502|02|AMOTAPE|4|4|||||||||||||||||||||||||||||1|20|5|2|1|0||||||||||||||||||||||||||||||||||||||||||||||11|0|0|0|0|10|1|0|0|1|0|0|0|0|1|0|0|0|2|0|0|0|0|2|0|0|0|2|0|0|0|0|2|0|0|0|1|0|0|0|0|1|0|0|0|1|0|0|0|0|1|0|0|0|1|0|0|0|0|0|1|0|0|1|0|0|0|0|1|0|0|0|1|0|0|0|0|1|0|0|0|1|0|0|0|0|1|0|0|0|0||0|0|0|0|0|0|0|0|0||0||0||0||0||0||1|1|1|2|0||1|2|1|6|0||0||0||11|0|1|1|2|||||||||||||||||||||||||||||||||||||||||||||||||||||||||||||-4.88055431|-81.01596983
0062|200504|04|COLAN|3|4|||||||||||||||||||||||||||||1|20|5|4|1|0||||||||||||||||||||||||||||||||||||||||||||||16|1|0|0|0|13|2|0|0|1|0|0|0|0|0|1|0|0|2|0|0|0|0|2|0|0|0|2|0|0|0|0|2|0|0|0|2|0|0|0|0|2|0|0|0|2|0|0|0|0|2|0|0|0|2|0|0|0|0|1|1|0|0|2|0|0|0|0|2|0|0|0|2|0|0|0|0|2|0|0|0|1|1|0|0|0|0|0|0|0|0||0|0|0|0|0|0|0|0|0||0||0||0||1|1|0||0||1|2|0||0||0||0||0||1|13|16|0|2||2|||||||||||||||||||||||||||||||||||||||||||||||||||||||||||||-5.00698584|-81.05667254
0063|200504|04|COLAN|3|4|||||||||||||||||||||||||||||1|20|5|4|0|1||||||||||||||||||||||||||||||||||||||||||||||15|1|0|0|0|11|3|0|0|1|0|0|0|0|1|0|0|0|4|0|0|0|0|4|0|0|0|0|0|0|0|0|0|0|0|0|1|0|0|0|0|1|0|0|0|1|0|0|0|0|1|0|0|0|2|0|0|0|0|0|2|0|0|1|0|0|0|0|0|1|0|0|2|0|0|0|0|2|0|0|0|2|1|0|0|0|1|0|0|0|1|CHOFER|0|0|0|0|1|0|0|0|0||0||0||0||1|1|0||1|1|0||0||1|1|0||0||1|1|1|11|15|0|1|1|1|1|5||||||||||||||||||||||||||||||||||||||||1|||||||||||||||||||-4.90669855|-81.05745131
0064|200505|05|LA HUACA|3|4|||||||||||||||||||||||||||||1|20|5|5|0|1||||||||||||||||||||||||||||||||||||||||||||||18|1|0|0|0|16|1|0|0|2|0|0|0|0|1|1|0|0|4|0|0|0|0|4|0|0|0|2|0|0|0|0|2|0|0|0|1|0|0|0|0|1|0|0|0|1|0|0|0|0|1|0|0|0|1|0|0|0|0|1|0|0|0|1|0|0|0|0|1|0|0|0|3|0|0|0|0|3|0|0|0|1|1|0|0|0|0|0|0|0|2|PUESTO DE AUXILIO RAPIDO|0|0|0|0|2|0|0|0|0||0||0||0||0||1|1|0||1|3|1|1|0||0||1|1|1|1|1|11|18|0|2||1|1|5||||||||||||||||||||||||||||||||||||||||1|||||||||||||||||||-4.91334217|-80.96063168
0065|200506|06|TAMARINDO|4|4|||||||||||||||||||||||||||||1|20|5|6|1|0||||||||||||||||||||||||||||||||||||||||||||||9|0|0|0|0|9|0|0|0|1|0|0|0|0|1|0|0|0|2|0|0|0|0|2|0|0|0|0|0|0|0|0|0|0|0|0|1|0|0|0|0|1|0|0|0|1|0|0|0|0|1|0|0|0|1|0|0|0|0|1|0|0|0|1|0|0|0|0|1|0|0|0|1|0|0|0|0|1|0|0|0|1|0|0|0|0|1|0|0|0|0||0|0|0|0|0|0|0|0|0||0||0||0||0||0||1|1|0||1|1|0||1|7|0||0||0||9|0|1|4|2|||||||||||||||||||||||||||||||||||||||||||||||||||||||||||||-4.87978209|-80.97360444
0066|200507|07|VICHAYAL|3|4|||||||||||||||||||||||||||||1|20|5|7|1|0||||||||||||||||||||||||||||||||||||||||||||||11|0|0|0|0|11|0|0|0|1|0|0|0|0|1|0|0|0|2|0|0|0|0|2|0|0|0|2|0|0|0|0|2|0|0|0|1|0|0|0|0|1|0|0|0|1|0|0|0|0|1|0|0|0|1|0|0|0|0|1|0|0|0|1|0|0|0|0|1|0|0|0|1|0|0|0|0|1|0|0|0|1|0|0|0|0|1|0|0|0|0||0|0|0|0|0|0|0|0|0||0||0||0||0||0||1|1|1|3|0||1|1|0||0||1|1|1|5|11|0|1|5|1|1|4||||||||||||||||||||||||||||||||||||||||1|||||||||||||||||||-4.86449087|-81.07221414
0067|200601|01|SULLANA|5|4|||||||||||||||||||||||||||||1|20|6|1|0|1||||||||||||||||||||||||||||||||||||||||||||||87|2|0|0|0|71|14|0|0|7|0|0|0|0|4|3|0|0|6|0|0|0|0|6|0|0|0|37|0|0|0|0|36|1|0|0|8|0|0|0|0|8|0|0|0|3|0|0|0|0|3|0|0|0|6|0|0|0|0|2|4|0|0|5|0|0|0|0|1|4|0|0|11|0|0|0|0|9|2|0|0|4|2|0|0|0|2|0|0|0|0||0|0|0|0|0|0|0|0|0||1|1|1|1|0||0||0||1|11|1|5|1|4|1|3|0||1|2|1|6|1|54|87|0|1|5|1|3|5|5|5||||||||||||||||||||||||||||||||||||||1|||||||||||||||||||-4.8994126|-80.69050448
0068|200601|01|SULLANA|3|4|||||||||||||||||||||||||||||1|20|6|1|0|1||||||||||||||||||||||||||||||||||||||||||||||32|1|0|0|0|26|5|0|0|3|0|0|0|0|1|2|0|0|8|0|0|0|0|8|0|0|0|0|0|0|0|0|0|0|0|0|2|0|0|0|0|2|0|0|0|1|0|0|0|0|1|0|0|0|3|0|0|0|0|1|2|0|0|4|0|0|0|0|3|1|0|0|6|0|0|0|0|6|0|0|0|4|1|0|0|0|3|0|0|0|1|CHOFER|0|0|0|0|1|0|0|0|0||0||0||0||1|1|0||1|2|1|3|1|1|0||1|1|0||1|1|1|23|32|0|2||1|1|4||||||||||||||||||||||||||||||||||||||||1|||||||||||||||||||-4.90933622|-80.7238478
0069|200602|02|BELLAVISTA|5|4|||||||||||||||||||||||||||||1|20|6|2|0|1||||||||||||||||||||||||||||||||||||||||||||||77|1|0|0|0|66|10|0|0|3|0|0|0|0|0|3|0|0|16|0|0|0|0|16|0|0|0|11|0|0|0|0|11|0|0|0|10|0|0|0|0|9|1|0|0|5|0|0|0|0|4|1|0|0|8|0|0|0|0|4|4|0|0|4|0|0|0|0|3|1|0|0|4|0|0|0|0|4|0|0|0|1|1|0|0|0|0|0|0|0|15|PUESTO DE AUXILIO RAPIDO|0|0|0|0|15|0|0|0|0||0||1|1|0||0||0||1|5|1|8|1|6|1|3|1|1|1|3|1|11|1|39|77|0|2||1|5|12|10|8|8|8||||||||||||||||||||||||||||||||||||2|5|0|0|0|0|0|0|0|0|0|0|0|0|0|0|0|1|BRAZALETES|-4.89115111|-80.68176779
0070|200603|03|IGNACIO ESCUDERO|3|4|||||||||||||||||||||||||||||1|20|6|3|1|0||||||||||||||||||||||||||||||||||||||||||||||21|1|0|0|0|17|3|0|0|2|0|0|0|0|1|1|0|0|9|0|0|0|0|9|0|0|0|0|0|0|0|0|0|0|0|0|2|0|0|0|0|0|2|0|0|0|0|0|0|0|0|0|0|0|0|0|0|0|0|0|0|0|0|1|0|0|0|0|1|0|0|0|4|0|0|0|0|4|0|0|0|1|1|0|0|0|0|0|0|0|2|LABORES MIXTAS|0|0|0|0|2|0|0|0|0||0||0||0||0||1|1|1|5|0||1|1|0||1|1|0||1|1|1|12|21|0|2||2|||||||||||||||||||||||||||||||||||||||||||||||||||||||||||||-4.84749877|-80.8736486
0071|200604|04|LANCONES|3|4|||||||||||||||||||||||||||||1|20|6|4|1|0||||||||||||||||||||||||||||||||||||||||||||||14|1|0|0|0|11|2|0|0|1|0|0|0|0|1|0|0|0|4|0|0|0|0|4|0|0|0|2|0|0|0|0|2|0|0|0|1|0|0|0|0|1|0|0|0|1|0|0|0|0|1|0|0|0|1|0|0|0|0|0|1|0|0|1|0|0|0|0|0|1|0|0|2|0|0|0|0|2|0|0|0|1|1|0|0|0|0|0|0|0|0||0|0|0|0|0|0|0|0|0||0||0||0||1|1|0||1|2|1|5|1|2|0||0||0||1|2|1|2|14|0|2||1|2|3|3|||||||||||||||||||||||||||||||||||||||2|2|0|0|0|0|0|0|0|0|0|0|0|1|0|0|0|1|PONCHO IMPERMEABLE|-4.64097621|-80.54863909
0072|200604|04|LANCONES|1|4|||||||||||||||||||||||||||||1|20|6|4|1|0||||||||||||||||||||||||||||||||||||||||||||||8|0|0|0|0|8|0|0|0|1|0|0|0|0|1|0|0|0|2|0|0|0|0|2|0|0|0|0|0|0|0|0|0|0|0|0|1|0|0|0|0|1|0|0|0|0|0|0|0|0|0|0|0|0|0|0|0|0|0|0|0|0|0|1|0|0|0|0|1|0|0|0|2|0|0|0|0|2|0|0|0|1|0|0|0|0|1|0|0|0|0||0|0|0|0|0|0|0|0|0||0||0||0||0||0||1|1|1|1|0||1|1|1|1|0||1|1|1|3|8|0|2||2|||||||||||||||||||||||||||||||||||||||||||||||||||||||||||||-4.323998|-80.503131
0073|200605|05|MARCAVELICA|4|4|||||||||||||||||||||||||||||1|20|6|5|0|1||||||||||||||||||||||||||||||||||||||||||||||19|1|0|0|0|13|5|0|0|2|0|0|0|0|0|2|0|0|5|0|0|0|0|5|0|0|0|0|0|0|0|0|0|0|0|0|2|0|0|0|0|2|0|0|0|1|0|0|0|0|1|0|0|0|2|0|0|0|0|0|2|0|0|1|0|0|0|0|0|1|0|0|4|0|0|0|0|4|0|0|0|1|1|0|0|0|0|0|0|0|1|CHOFER|0|0|0|0|1|0|0|0|0||0||0||0||0||1|1|0||1|2|0||0||0||0||1|5|1|11|19|0|1|1|1|1|5||||||||||||||||||||||||||||||||||||||||1|||||||||||||||||||-4.88174691|-80.70672473
0074|200606|06|MIGUEL CHECA|3|4|||||||||||||||||||||||||||||1|20|6|6|1|0||||||||||||||||||||||||||||||||||||||||||||||19|1|0|0|0|15|3|0|0|2|0|0|0|0|1|1|0|0|4|0|0|0|0|4|0|0|0|2|0|0|0|0|2|0|0|0|2|0|0|0|0|2|0|0|0|2|0|0|0|0|2|0|0|0|2|0|0|0|0|1|1|0|0|2|0|0|0|0|1|1|0|0|2|0|0|0|0|2|0|0|0|1|1|0|0|0|0|0|0|0|0||0|0|0|0|0|0|0|0|0||0||0||0||0||1|1|0||1|1|1|1|1|1|1|1|0||1|1|1|13|19|0|2||2|||||||||||||||||||||||||||||||||||||||||||||||||||||||||||||-4.90166212|-80.81486546
0075|200607|07|QUERECOTILLO|4|4|||||||||||||||||||||||||||||1|20|6|7|0|1||||||||||||||||||||||||||||||||||||||||||||||22|1|0|0|0|18|3|0|0|3|0|0|0|0|2|1|0|0|2|0|0|0|0|2|0|0|0|0|0|0|0|0|0|0|0|0|3|0|0|0|0|3|0|0|0|1|0|0|0|0|1|0|0|0|3|0|0|0|0|2|1|0|0|1|0|0|0|0|0|1|0|0|2|0|0|0|0|2|0|0|0|1|1|0|0|0|0|0|0|0|6|CHOFER|0|0|0|0|6|0|0|0|0||0||0||0||1|1|0||1|1|1|3|1|1|1|1|0||0||1|3|1|12|22|0|2||2|||||||||||||||||||||||||||||||||||||||||||||||||||||||||||||-4.84165122|-80.65217506
0076|200608|08|SALITRAL|2|4|||||||||||||||||||||||||||||1|20|6|8|1|0||||||||||||||||||||||||||||||||||||||||||||||12|0|0|0|0|10|2|0|0|1|0|0|0|0|1|0|0|0|2|0|0|0|0|2|0|0|0|2|0|0|0|0|2|0|0|0|1|0|0|0|0|1|0|0|0|1|0|0|0|0|1|0|0|0|1|0|0|0|0|0|1|0|0|1|0|0|0|0|0|1|0|0|2|0|0|0|0|2|0|0|0|1|0|0|0|0|1|0|0|0|0||0|0|0|0|0|0|0|0|0||0||0||0||0||0||1|1|0||0||1|1|1|1|0||0||1|9|12|0|2||1|1|6||||||||||||||||||||||||||||||||||||||||1|||||||||||||||||||-4.85707313|-80.68073774
0077|200701|01|PARIÑAS|5|4|||||||||||||||||||||||||||||1|20|7|1|1|0||||||||||||||||||||||||||||||||||||||||||||||98|3|0|0|0|85|8|1|1|5|0|0|0|0|2|3|0|0|32|0|0|0|0|31|1|0|0|16|0|0|0|0|15|1|0|0|5|0|0|0|0|5|0|0|0|2|0|0|0|0|2|0|0|0|2|0|0|0|0|1|1|0|0|1|0|0|0|0|0|1|0|0|8|0|0|0|0|8|0|0|0|3|3|0|0|0|0|0|0|0|24|APOYO A LA JUSTICIA|0|0|0|0|21|1|1|1|0||1|1|0||1|1|1|1|0||1|7|1|6|1|9|1|2|1|1|1|6|1|12|1|52|98|0|2||2|||||||||||||||||||||||||||||||||||||||||||||||||||||||||||||-4.57614258|-81.27634703
0078|200701|01|PARIÑAS|4|4|||||||||||||||||||||||||||||1|20|7|1|0|1||||||||||||||||||||||||||||||||||||||||||||||35|1|0|0|0|32|2|0|0|2|0|0|0|0|1|1|0|0|16|0|0|0|0|16|0|0|0|4|0|0|0|0|4|0|0|0|3|0|0|0|0|3|0|0|0|2|0|0|0|0|2|0|0|0|2|0|0|0|0|1|1|0|0|1|0|0|0|0|1|0|0|0|2|0|0|0|0|2|0|0|0|1|1|0|0|0|0|0|0|0|2|GARANTIAS PERSONALES|0|0|0|0|2|0|0|0|0||0||0||1|1|0||0||1|5|1|7|1|1|1|1|1|1|0||1|6|1|13|35|0|2||1|1|16||||||||||||||||||||||||||||||||||||||||1|||||||||||||||||||-4.58946337|-81.25665852
0079|200702|02|EL ALTO|3|4|||||||||||||||||||||||||||||1|20|7|2|0|1||||||||||||||||||||||||||||||||||||||||||||||38|1|0|0|0|36|1|0|0|2|0|0|0|0|2|0|0|0|12|0|0|0|0|12|0|0|0|10|0|0|0|0|10|0|0|0|2|0|0|0|0|1|1|0|0|2|0|0|0|0|2|0|0|0|3|0|0|0|0|3|0|0|0|2|0|0|0|0|2|0|0|0|4|0|0|0|0|4|0|0|0|1|1|0|0|0|0|0|0|0|0||0|0|0|0|0|0|0|0|0||0||0||0||1|1|0||0||1|1|0||0||0||1|1|0||1|35|38|0|2||2|||||||||||||||||||||||||||||||||||||||||||||||||||||||||||||-4.266972|-81.213055
0080|200703|03|LA BREA|3|4|||||||||||||||||||||||||||||1|20|7|3|1|0||||||||||||||||||||||||||||||||||||||||||||||19|1|0|0|0|17|1|0|0|2|0|0|0|0|2|0|0|0|4|0|0|0|0|4|0|0|0|2|0|0|0|0|2|0|0|0|2|0|0|0|0|2|0|0|0|2|0|0|0|0|2|0|0|0|1|0|0|0|0|0|1|0|0|1|0|0|0|0|1|0|0|0|4|0|0|0|0|4|0|0|0|1|1|0|0|0|0|0|0|0|0||0|0|0|0|0|0|0|0|0||0||0||0||1|1|0||1|2|1|1|0||0||1|2|1|1|1|1|1|11|19|0|1|7|2|||||||||||||||||||||||||||||||||||||||||||||||||||||||||||||-4.65428408|-81.30508126
0081|200705|05|LOS ORGANOS|3|4|||||||||||||||||||||||||||||1|20|7|5|0|1||||||||||||||||||||||||||||||||||||||||||||||36|1|0|0|0|33|2|0|0|2|0|0|0|0|2|0|0|0|14|0|0|0|0|14|0|0|0|8|0|0|0|0|8|0|0|0|2|0|0|0|0|2|0|0|0|2|0|0|0|0|2|0|0|0|3|0|0|0|0|2|1|0|0|2|0|0|0|0|1|1|0|0|2|0|0|0|0|2|0|0|0|1|1|0|0|0|0|0|0|0|0||0|0|0|0|0|0|0|0|0||0||0||1|1|0||0||1|1|1|1|1|1|1|2|0||1|2|0||1|28|36|0|2||2|||||||||||||||||||||||||||||||||||||||||||||||||||||||||||||-4.17943192|-81.12965638
0082|200706|06|MANCORA|3|4|||||||||||||||||||||||||||||1|20|7|6|0|1||||||||||||||||||||||||||||||||||||||||||||||71|1|0|0|0|65|5|0|0|5|0|0|0|0|4|1|0|0|26|0|0|0|0|26|0|0|0|18|0|0|0|0|18|0|0|0|5|0|0|0|0|5|0|0|0|2|0|0|0|0|1|1|0|0|2|0|0|0|0|0|2|0|0|2|0|0|0|0|1|1|0|0|10|0|0|0|0|10|0|0|0|1|1|0|0|0|0|0|0|0|0||0|0|0|0|0|0|0|0|0||0||0||1|1|0||0||1|5|1|3|1|3|0||1|1|1|3|1|4|1|51|71|0|2||2|||||||||||||||||||||||||||||||||||||||||||||||||||||||||||||-4.1066947|-81.05311791
0083|200801|01|SECHURA|5|4|||||||||||||||||||||||||||||1|20|8|1|1|0||||||||||||||||||||||||||||||||||||||||||||||67|1|0|0|0|62|4|0|0|2|0|0|0|0|0|2|0|0|35|0|0|0|0|35|0|0|0|15|0|0|0|0|15|0|0|0|7|0|0|0|0|7|0|0|0|1|0|0|0|0|1|0|0|0|2|0|0|0|0|0|2|0|0|2|0|0|0|0|2|0|0|0|2|0|0|0|0|2|0|0|0|1|1|0|0|0|0|0|0|0|0||0|0|0|0|0|0|0|0|0||0||1|1|0||0||0||1|5|1|8|1|1|1|3|1|1|0||1|7|1|41|67|0|1|20|2|||||||||||||||||||||||||||||||||||||||||||||||||||||||||||||-5.55448087|-80.82308813
0084|200801|01|SECHURA|2|5|CENTRO POBLADO|||||||||||||||||||||||||||||||||||||||||||||||||||||||||||||||||||||||||||||||16|1|0|0|0|15|0|0|0|1|0|0|0|0|1|0|0|0|4|0|0|0|0|4|0|0|0|2|0|0|0|0|2|0|0|0|2|0|0|0|0|2|0|0|0|1|0|0|0|0|1|0|0|0|2|0|0|0|0|2|0|0|0|1|0|0|0|0|1|0|0|0|2|0|0|0|0|2|0|0|0|1|1|0|0|0|0|0|0|0|0||0|0|0|0|0|0|0|0|0||0||0||0||1|1|0||0||1|1|0||1|1|0||1|1|1|4|1|8|16|0|2||2|||||||||||||||||||||||||||||||||||||||||||||||||||||||||||||-5.82570248|-81.035404
0085|200801|01|SECHURA|4|5|CENTRO POBLADO|||||||||||||||||||||||||||||||||||||||||||||||||||||||||||||||||||||||||||||||19|1|0|0|0|18|0|0|0|3|0|0|0|0|3|0|0|0|4|0|0|0|0|4|0|0|0|4|0|0|0|0|4|0|0|0|2|0|0|0|0|2|0|0|0|1|0|0|0|0|1|0|0|0|1|0|0|0|0|1|0|0|0|1|0|0|0|0|1|0|0|0|2|0|0|0|0|2|0|0|0|1|1|0|0|0|0|0|0|0|0||0|0|0|0|0|0|0|0|0||0||0||1|1|0||0||1|2|0||0||0||0||1|2|1|14|0||19|0|1|6|1|4|4|4|4|4|||||||||||||||||||||||||||||||||||||1|||||||||||||||||||-5.76203811|-80.86286029
0086|200803|03|BERNAL|3|4|||||||||||||||||||||||||||||1|20|8|3|1|0||||||||||||||||||||||||||||||||||||||||||||||21|1|0|0|0|18|2|0|0|2|0|0|0|0|1|1|0|0|4|0|0|0|0|4|0|0|0|4|0|0|0|0|4|0|0|0|2|0|0|0|0|2|0|0|0|2|0|0|0|0|2|0|0|0|2|0|0|0|0|1|1|0|0|2|0|0|0|0|2|0|0|0|2|0|0|0|0|2|0|0|0|1|1|0|0|0|0|0|0|0|0||0|0|0|0|0|0|0|0|0||0||0||0||0||1|1|1|2|1|1|1|1|0||0||1|1|1|1|1|14|21|0|2||2|||||||||||||||||||||||||||||||||||||||||||||||||||||||||||||-5.45725918|-80.74174478
0087|200805|05|VICE|3|4|||||||||||||||||||||||||||||1|20|8|5|1|0||||||||||||||||||||||||||||||||||||||||||||||21|1|0|0|0|18|2|0|0|1|0|0|0|0|0|1|0|0|5|0|0|0|0|5|0|0|0|4|0|0|0|0|4|0|0|0|2|0|0|0|0|2|0|0|0|2|0|0|0|0|2|0|0|0|2|0|0|0|0|1|1|0|0|2|0|0|0|0|2|0|0|0|2|0|0|0|0|2|0|0|0|1|1|0|0|0|0|0|0|0|0||0|0|0|0|0|0|0|0|0||0||0||0||0||1|1|1|2|0||1|2|0||1|1|1|1|1|2|1|12|21|0|2||2|||||||||||||||||||||||||||||||||||||||||||||||||||||||||||||-5.41959545|-80.77622797
0088|200806|06|RINCONADA LLICUAR|2|4|||||||||||||||||||||||||||||1|20|8|6|1|0||||||||||||||||||||||||||||||||||||||||||||||13|0|0|0|0|11|2|0|0|1|0|0|0|0|0|1|0|0|4|0|0|0|0|4|0|0|0|1|0|0|0|0|1|0|0|0|1|0|0|0|0|1|0|0|0|1|0|0|0|0|1|0|0|0|1|0|0|0|0|0|1|0|0|1|0|0|0|0|1|0|0|0|2|0|0|0|0|2|0|0|0|1|0|0|0|0|1|0|0|0|0||0|0|0|0|0|0|0|0|0||0||0||0||0||0||1|2|0||1|1|0||0||0||1|3|1|7|13|0|2||2|||||||||||||||||||||||||||||||||||||||||||||||||||||||||||||-5.45540201|-80.76212518
0089|060603|03|CHOROS|1|5|CENTRO POBLADO|||||||||||||||||||||||||||||||||||||||||||||||||||||||||||||||||||||||||||||||5|0|0|0|0|5|0|0|0|1|0|0|0|0|1|0|0|0|1|0|0|0|0|1|0|0|0|0|0|0|0|0|0|0|0|0|1|0|0|0|0|1|0|0|0|0|0|0|0|0|0|0|0|0|0|0|0|0|0|0|0|0|0|1|0|0|0|0|1|0|0|0|0|0|0|0|0|0|0|0|0|1|0|0|0|0|1|0|0|0|0||0|0|0|0|0|0|0|0|0||0||0||0||0||0||1|2|0||0||0||0||0||1|3|0||5|0|2||2|||||||||||||||||||||||||||||||||||||||||||||||||||||||||||||-5.90008694|-78.69385455
0090|060606|06|PIMPINGOS|2|5|CENTRO POBLADO|||||||||||||||||||||||||||||||||||||||||||||||||||||||||||||||||||||||||||||||6|1|0|0|0|5|0|0|0|0|0|0|0|0|0|0|0|0|2|0|0|0|0|2|0|0|0|0|0|0|0|0|0|0|0|0|1|0|0|0|0|1|0|0|0|0|0|0|0|0|0|0|0|0|0|0|0|0|0|0|0|0|0|1|0|0|0|0|1|0|0|0|1|0|0|0|0|1|0|0|0|1|1|0|0|0|0|0|0|0|0||0|0|0|0|0|0|0|0|0||0||0||0||0||1|1|0||1|1|0||0||0||0||0||1|4|6|0|2||2|||||||||||||||||||||||||||||||||||||||||||||||||||||||||||||-6.0613543|-78.75804229
0091|060609|09|SAN JUAN DE CUTERVO|1|5|CENTRO POBLADO|||||||||||||||||||||||||||||||||||||||||||||||||||||||||||||||||||||||||||||||5|0|0|0|0|5|0|0|0|0|0|0|0|0|0|0|0|0|0|0|0|0|0|0|0|0|0|1|0|0|0|0|1|0|0|0|1|0|0|0|0|1|0|0|0|0|0|0|0|0|0|0|0|0|1|0|0|0|0|1|0|0|0|1|0|0|0|0|1|0|0|0|0|0|0|0|0|0|0|0|0|1|0|0|0|0|1|0|0|0|0||0|0|0|0|0|0|0|0|0||0||0||0||0||0||0||0||1|1|1|1|0||1|1|1|2|0||5|0|2||2|||||||||||||||||||||||||||||||||||||||||||||||||||||||||||||-6.16330552|-78.59772111
0092|060615|15|TORIBIO CASANOVA|1|5|CENTRO POBLADO|||||||||||||||||||||||||||||||||||||||||||||||||||||||||||||||||||||||||||||||5|0|0|0|0|5|0|0|0|0|0|0|0|0|0|0|0|0|0|0|0|0|0|0|0|0|0|2|0|0|0|0|2|0|0|0|1|0|0|0|0|1|0|0|0|0|0|0|0|0|0|0|0|0|0|0|0|0|0|0|0|0|0|1|0|0|0|0|1|0|0|0|0|0|0|0|0|0|0|0|0|1|0|0|0|0|1|0|0|0|0||0|0|0|0|0|0|0|0|0||0||0||0||0||0||0||1|2|0||1|1|0||0||1|1|1|1|5|0|2||2|||||||||||||||||||||||||||||||||||||||||||||||||||||||||||||-6.00641773|-78.69956817
0093|060411|11|LLAMA|3|4|||||||||||||||||||||||||||||1|6|4|11|1|0||||||||||||||||||||||||||||||||||||||||||||||7|1|0|0|0|6|0|0|0|1|0|0|0|0|1|0|0|0|0|0|0|0|0|0|0|0|0|2|0|0|0|0|2|0|0|0|1|0|0|0|0|1|0|0|0|0|0|0|0|0|0|0|0|0|1|0|0|0|0|1|0|0|0|0|0|0|0|0|0|0|0|0|1|0|0|0|0|1|0|0|0|1|1|0|0|0|0|0|0|0|0||0|0|0|0|0|0|0|0|0||0||0||0||1|1|0||0||1|2|0||0||0||1|1|0||1|3|7|0|2||2|||||||||||||||||||||||||||||||||||||||||||||||||||||||||||||-6.51265303|-79.12031156
0094|060412|12|MIRACOSTA|3|4|||||||||||||||||||||||||||||1|6|4|12|1|0||||||||||||||||||||||||||||||||||||||||||||||6|1|0|0|0|5|0|0|0|1|0|0|0|0|1|0|0|0|0|0|0|0|0|0|0|0|0|2|0|0|0|0|2|0|0|0|0|0|0|0|0|0|0|0|0|0|0|0|0|0|0|0|0|0|0|0|0|0|0|0|0|0|0|1|0|0|0|0|1|0|0|0|1|0|0|0|0|1|0|0|0|1|1|0|0|0|0|0|0|0|0||0|0|0|0|0|0|0|0|0||0||0||0||0||1|1|0||0||1|1|1|1|1|1|0||1|1|1|1|6|0|2||1|1|2||||||||||||||||||||||||||||||||||||||||2|1|0|1|0|0|0|0|0|0|0|0|1|1|0|0|0|0||-6.40504719|-79.28352211
0095|060416|16|SAN JUAN DE LICUPIS|2|4|||||||||||||||||||||||||||||1|6|4|16|1|0||||||||||||||||||||||||||||||||||||||||||||||7|0|0|0|0|7|0|0|0|1|0|0|0|0|1|0|0|0|1|0|0|0|0|1|0|0|0|2|0|0|0|0|2|0|0|0|0|0|0|0|0|0|0|0|0|0|0|0|0|0|0|0|0|0|0|0|0|0|0|0|0|0|0|1|0|0|0|0|1|0|0|0|1|0|0|0|0|1|0|0|0|1|0|0|0|0|1|0|0|0|0||0|0|0|0|0|0|0|0|0||0||0||0||0||0||1|2|1|2|0||1|1|1|1|0||0||1|1|7|0|2||2|||||||||||||||||||||||||||||||||||||||||||||||||||||||||||||-6.42523315|-79.24320376
0096|060418|18|TOCMOCHE|3|4|||||||||||||||||||||||||||||1|6|4|18|1|0||||||||||||||||||||||||||||||||||||||||||||||7|1|0|0|0|6|0|0|0|1|0|0|0|0|1|0|0|0|2|1|0|0|0|1|0|0|0|0|0|0|0|0|0|0|0|0|1|0|0|0|0|1|0|0|0|0|0|0|0|0|0|0|0|0|0|0|0|0|0|0|0|0|0|1|0|0|0|0|1|0|0|0|1|0|0|0|0|1|0|0|0|1|0|0|0|0|1|0|0|0|0||0|0|0|0|0|0|0|0|0||0||0||0||1|1|0||0||1|3|0||1|1|1|1|0||1|1|0||7|0|2||1|2|1|1|||||||||||||||||||||||||||||||||||||||1|||||||||||||||||||-6.41305696|-79.36084593
0097|060801|01|JAEN|6|4|||||||||||||||||||||||||||||9|6|8|1|1|0|6|8|2|0|1|6|8|5|0|1|6|8|12|0|1|6|8|6|0|1|6|8|1|1|0|6|6|3|1|0|6|6|15|1|0|6|6|9|1|0||||||82|2|0|0|0|73|7|0|0|6|0|0|0|0|5|1|0|0|21|0|0|0|0|21|0|0|0|17|0|0|0|0|14|3|0|0|6|0|0|0|0|6|0|0|0|4|0|0|0|0|4|0|0|0|6|0|0|0|0|5|1|0|0|5|0|0|0|0|3|2|0|0|15|0|0|0|0|15|0|0|0|2|2|0|0|0|0|0|0|0|0||0|0|0|0|0|0|0|0|0||1|1|0||0||0||1|1|1|3|1|7|1|4|1|7|1|2|1|3|1|19|1|35|82|0|1|8|2|||||||||||||||||||||||||||||||||||||||||||||||||||||||||||||-5.71005432|-78.80661328
0098|060801|01|JAEN|4|4|||||||||||||||||||||||||||||1|6|8|1|1|0||||||||||||||||||||||||||||||||||||||||||||||13|1|0|0|0|12|0|0|0|2|0|0|0|0|2|0|0|0|2|0|0|0|0|2|0|0|0|4|0|0|0|0|4|0|0|0|2|0|0|0|0|2|0|0|0|0|0|0|0|0|0|0|0|0|0|0|0|0|0|0|0|0|0|2|0|0|0|0|2|0|0|0|0|0|0|0|0|0|0|0|0|1|1|0|0|0|0|0|0|0|0||0|0|0|0|0|0|0|0|0||0||0||0||1|1|0||1|1|0||0||0||0||1|2|1|3|1|6|13|0|1|1|2|||||||||||||||||||||||||||||||||||||||||||||||||||||||||||||-5.83859684|-78.7570235
0099|060802|02|BELLAVISTA|3|4|||||||||||||||||||||||||||||1|6|8|2|1|0||||||||||||||||||||||||||||||||||||||||||||||8|0|0|0|0|8|0|0|0|1|0|0|0|0|1|0|0|0|4|0|0|0|0|4|0|0|0|1|0|0|0|0|1|0|0|0|0|0|0|0|0|0|0|0|0|0|0|0|0|0|0|0|0|0|0|0|0|0|0|0|0|0|0|1|0|0|0|0|1|0|0|0|0|0|0|0|0|0|0|0|0|1|0|0|0|0|1|0|0|0|0||0|0|0|0|0|0|0|0|0||0||0||0||0||0||0||1|1|1|1|0||0||0||1|3|1|3|8|0|2||2|||||||||||||||||||||||||||||||||||||||||||||||||||||||||||||-5.66617223|-78.67991621
0100|060803|03|CHONTALI|3|4|||||||||||||||||||||||||||||1|6|8|3|1|0||||||||||||||||||||||||||||||||||||||||||||||7|1|0|0|0|6|0|0|0|1|0|0|0|0|1|0|0|0|2|0|0|0|0|2|0|0|0|2|0|0|0|0|2|0|0|0|0|0|0|0|0|0|0|0|0|0|0|0|0|0|0|0|0|0|0|0|0|0|0|0|0|0|0|1|0|0|0|0|1|0|0|0|0|0|0|0|0|0|0|0|0|1|1|0|0|0|0|0|0|0|0||0|0|0|0|0|0|0|0|0||0||0||0||0||1|1|0||0||0||0||0||1|1|1|2|1|3|7|0|2||2|||||||||||||||||||||||||||||||||||||||||||||||||||||||||||||-5.64454529|-79.08725021
0101|060804|04|COLASAY|3|4|||||||||||||||||||||||||||||1|6|8|4|1|0||||||||||||||||||||||||||||||||||||||||||||||5|0|0|0|0|5|0|0|0|0|0|0|0|0|0|0|0|0|1|0|0|0|0|1|0|0|0|1|0|0|0|0|1|0|0|0|0|0|0|0|0|0|0|0|0|0|0|0|0|0|0|0|0|0|0|0|0|0|0|0|0|0|0|1|0|0|0|0|1|0|0|0|1|0|0|0|0|1|0|0|0|1|0|0|0|0|1|0|0|0|0||0|0|0|0|0|0|0|0|0||0||0||0||0||0||0||0||1|1|0||0||1|2|0||1|2|5|0|2||1|1|6||||||||||||||||||||||||||||||||||||||||1|||||||||||||||||||-5.97900417|-79.06866227
0102|060805|05|HUABAL|4|4|||||||||||||||||||||||||||||1|6|8|5|1|0||||||||||||||||||||||||||||||||||||||||||||||5|0|0|0|0|5|0|0|0|1|0|0|0|0|1|0|0|0|0|0|0|0|0|0|0|0|0|1|0|0|0|0|1|0|0|0|0|0|0|0|0|0|0|0|0|0|0|0|0|0|0|0|0|0|0|0|0|0|0|0|0|0|0|1|0|0|0|0|1|0|0|0|1|0|0|0|0|1|0|0|0|1|0|0|0|0|1|0|0|0|0||0|0|0|0|0|0|0|0|0||0||0||0||0||0||0||1|1|0||0||0||1|1|1|1|1|2|5|0|2||2|||||||||||||||||||||||||||||||||||||||||||||||||||||||||||||-5.61276992|-78.89925233
0103|060806|06|LAS PIRIAS|2|4|||||||||||||||||||||||||||||1|6|8|6|1|0||||||||||||||||||||||||||||||||||||||||||||||6|0|0|0|0|6|0|0|0|1|0|0|0|0|1|0|0|0|3|0|0|0|0|3|0|0|0|0|0|0|0|0|0|0|0|0|0|0|0|0|0|0|0|0|0|0|0|0|0|0|0|0|0|0|0|0|0|0|0|0|0|0|0|1|0|0|0|0|1|0|0|0|0|0|0|0|0|0|0|0|0|1|0|0|0|0|1|0|0|0|0||0|0|0|0|0|0|0|0|0||0||0||0||0||0||1|1|0||0||0||1|1|0||1|3|1|1|6|0|2||1|1|6||||||||||||||||||||||||||||||||||||||||1|||||||||||||||||||-5.62807177|-78.85211025
0104|060807|07|POMAHUACA|2|4|||||||||||||||||||||||||||||1|6|8|7|1|0||||||||||||||||||||||||||||||||||||||||||||||4|0|0|0|0|4|0|0|0|0|0|0|0|0|0|0|0|0|1|0|0|0|0|1|0|0|0|0|0|0|0|0|0|0|0|0|1|0|0|0|0|1|0|0|0|0|0|0|0|0|0|0|0|0|0|0|0|0|0|0|0|0|0|1|0|0|0|0|1|0|0|0|0|0|0|0|0|0|0|0|0|1|0|0|0|0|1|0|0|0|0||0|0|0|0|0|0|0|0|0||0||0||0||0||0||1|1|0||0||1|1|0||0||0||1|2|4|0|1|1|2|||||||||||||||||||||||||||||||||||||||||||||||||||||||||||||-5.93150489|-79.22997282
0105|060808|08|PUCARA|3|4|||||||||||||||||||||||||||||1|6|8|8|1|0||||||||||||||||||||||||||||||||||||||||||||||20|1|0|0|0|18|1|0|0|1|0|0|0|0|1|0|0|0|4|0|0|0|0|4|0|0|0|4|0|0|0|0|4|0|0|0|2|0|0|0|0|2|0|0|0|0|0|0|0|0|0|0|0|0|1|0|0|0|0|0|1|0|0|1|0|0|0|0|1|0|0|0|6|0|0|0|0|6|0|0|0|1|1|0|0|0|0|0|0|0|0||0|0|0|0|0|0|0|0|0||0||1|1|0||0||0||0||0||1|1|0||0||1|1|1|5|1|12|20|0|2||1|1|18||||||||||||||||||||||||||||||||||||||||1|||||||||||||||||||-6.03980065|-79.12867441
0106|060809|09|SALLIQUE|2|4|||||||||||||||||||||||||||||1|6|8|9|1|0||||||||||||||||||||||||||||||||||||||||||||||4|0|0|0|0|4|0|0|0|0|0|0|0|0|0|0|0|0|0|0|0|0|0|0|0|0|0|0|0|0|0|0|0|0|0|0|1|0|0|0|0|1|0|0|0|0|0|0|0|0|0|0|0|0|0|0|0|0|0|0|0|0|0|1|0|0|0|0|1|0|0|0|1|0|0|0|0|1|0|0|0|1|0|0|0|0|1|0|0|0|0||0|0|0|0|0|0|0|0|0||0||0||0||0||0||1|1|0||0||0||0||0||1|2|1|1|4|0|2||2|||||||||||||||||||||||||||||||||||||||||||||||||||||||||||||-5.65827529|-79.31570931
0107|060810|10|SAN FELIPE|2|4|||||||||||||||||||||||||||||1|6|8|10|1|0||||||||||||||||||||||||||||||||||||||||||||||5|0|0|0|0|5|0|0|0|0|0|0|0|0|0|0|0|0|0|0|0|0|0|0|0|0|0|0|0|0|0|0|0|0|0|0|1|0|0|0|0|1|0|0|0|0|0|0|0|0|0|0|0|0|0|0|0|0|0|0|0|0|0|1|0|0|0|0|1|0|0|0|2|0|0|0|0|2|0|0|0|1|0|0|0|0|1|0|0|0|0||0|0|0|0|0|0|0|0|0||0||0||0||0||0||0||0||0||1|1|1|1|0||0||1|3|5|0|2||2|||||||||||||||||||||||||||||||||||||||||||||||||||||||||||||-5.77063168|-79.31385478
0108|060812|12|SANTA ROSA|2|4|||||||||||||||||||||||||||||1|6|8|12|1|0||||||||||||||||||||||||||||||||||||||||||||||6|0|0|0|0|6|0|0|0|0|0|0|0|0|0|0|0|0|0|0|0|0|0|0|0|0|0|0|0|0|0|0|0|0|0|0|2|0|0|0|0|2|0|0|0|0|0|0|0|0|0|0|0|0|0|0|0|0|0|0|0|0|0|1|0|0|0|0|1|0|0|0|2|0|0|0|0|2|0|0|0|1|0|0|0|0|1|0|0|0|0||0|0|0|0|0|0|0|0|0||0||0||0||0||0||0||0||0||1|1|0||1|1|1|2|1|2|6|0|2||2|||||||||||||||||||||||||||||||||||||||||||||||||||||||||||||-5.43311796|-78.56937357
0109|060901|01|SAN IGNACIO|5|4|||||||||||||||||||||||||||||1|6|9|1|1|0||||||||||||||||||||||||||||||||||||||||||||||29|1|0|0|0|25|3|0|0|4|0|0|0|0|3|1|0|0|8|0|0|0|0|8|0|0|0|2|0|0|0|0|2|0|0|0|3|0|0|0|0|3|0|0|0|1|0|0|0|0|1|0|0|0|1|0|0|0|0|0|1|0|0|2|0|0|0|0|1|1|0|0|7|0|0|0|0|7|0|0|0|1|1|0|0|0|0|0|0|0|0||0|0|0|0|0|0|0|0|0||0||1|1|0||0||0||1|1|1|2|1|1|0||1|2|1|5|1|8|1|9|29|0|1|1|2|||||||||||||||||||||||||||||||||||||||||||||||||||||||||||||-5.14599915|-78.99973088
0110|060903|03|HUARANGO|4|4|||||||||||||||||||||||||||||1|6|9|3|1|0||||||||||||||||||||||||||||||||||||||||||||||6|1|0|0|0|5|0|0|0|1|0|0|0|0|1|0|0|0|1|0|0|0|0|1|0|0|0|1|0|0|0|0|1|0|0|0|0|0|0|0|0|0|0|0|0|1|0|0|0|0|1|0|0|0|0|0|0|0|0|0|0|0|0|1|0|0|0|0|1|0|0|0|0|0|0|0|0|0|0|0|0|1|1|0|0|0|0|0|0|0|0||0|0|0|0|0|0|0|0|0||0||0||0||1|1|0||0||0||0||0||0||1|1|0||1|4|6|0|1|1|2|||||||||||||||||||||||||||||||||||||||||||||||||||||||||||||-5.28662761|-78.80647898
0111|060902|02|CHIRINOS|3|4|||||||||||||||||||||||||||||1|6|9|2|1|0||||||||||||||||||||||||||||||||||||||||||||||5|0|0|0|0|5|0|0|0|1|0|0|0|0|1|0|0|0|1|0|0|0|0|1|0|0|0|0|0|0|0|0|0|0|0|0|0|0|0|0|0|0|0|0|0|1|0|0|0|0|1|0|0|0|0|0|0|0|0|0|0|0|0|1|0|0|0|0|1|0|0|0|0|0|0|0|0|0|0|0|0|1|0|0|0|0|1|0|0|0|0||0|0|0|0|0|0|0|0|0||0||0||0||0||0||0||1|1|0||0||0||0||1|2|1|2|5|0|2||1|2|2|2|||||||||||||||||||||||||||||||||||||||1|||||||||||||||||||-5.30640794|-78.89794733
0112|060802|02|BELLAVISTA|4|4|||||||||||||||||||||||||||||1|6|8|2|1|0||||||||||||||||||||||||||||||||||||||||||||||7|1|0|0|0|6|0|0|0|2|0|0|0|0|2|0|0|0|2|0|0|0|0|2|0|0|0|1|0|0|0|0|1|0|0|0|0|0|0|0|0|0|0|0|0|0|0|0|0|0|0|0|0|0|0|0|0|0|0|0|0|0|0|1|0|0|0|0|1|0|0|0|0|0|0|0|0|0|0|0|0|1|1|0|0|0|0|0|0|0|0||0|0|0|0|0|0|0|0|0||0||0||0||0||1|1|0||0||1|3|1|1|0||0||1|1|1|1|7|0|2||1|1|7||||||||||||||||||||||||||||||||||||||||1|||||||||||||||||||-5.4506835|-78.83357423
0113|060905|05|NAMBALLE|4|4|||||||||||||||||||||||||||||1|6|9|5|1|0||||||||||||||||||||||||||||||||||||||||||||||4|0|0|0|0|4|0|0|0|1|0|0|0|0|1|0|0|0|1|0|0|0|0|1|0|0|0|0|0|0|0|0|0|0|0|0|0|0|0|0|0|0|0|0|0|0|0|0|0|0|0|0|0|0|0|0|0|0|0|0|0|0|0|1|0|0|0|0|1|0|0|0|0|0|0|0|0|0|0|0|0|1|0|0|0|0|1|0|0|0|0||0|0|0|0|0|0|0|0|0||0||0||0||0||0||1|1|1|1|0||0||0||0||1|1|1|1|4|0|2||1|1|3||||||||||||||||||||||||||||||||||||||||1|||||||||||||||||||-5.00458129|-79.08772445
0114|060906|06|SAN JOSE DE LOURDES|4|4|||||||||||||||||||||||||||||1|6|9|6|0|1||||||||||||||||||||||||||||||||||||||||||||||4|0|0|0|0|4|0|0|0|1|0|0|0|0|1|0|0|0|1|0|0|0|0|1|0|0|0|0|0|0|0|0|0|0|0|0|0|0|0|0|0|0|0|0|0|1|0|0|0|0|1|0|0|0|0|0|0|0|0|0|0|0|0|1|0|0|0|0|1|0|0|0|0|0|0|0|0|0|0|0|0|0|0|0|0|0|0|0|0|0|0||0|0|0|0|0|0|0|0|0||0||0||0||0||0||1|1|0||0||1|1|0||0||1|2|0||4|0|2||2|||||||||||||||||||||||||||||||||||||||||||||||||||||||||||||-5.097457|-78.920748
0115|130301|01|BOLIVAR|4|3||||||||1|13|3||||||||||||||||||||||||||||||||||||||||||||||||||||||||||||||||||||||9|1|0|0|0|8|0|0|0|1|0|0|0|0|1|0|0|0|2|0|0|0|0|2|0|0|0|0|0|0|0|0|0|0|0|0|1|0|0|0|0|1|0|0|0|1|0|0|0|0|1|0|0|0|1|0|0|0|0|1|0|0|0|1|0|0|0|0|1|0|0|0|1|0|0|0|0|1|0|0|0|1|1|0|0|0|0|0|0|0|0||0|0|0|0|0|0|0|0|0||0||0||1|1|0||0||0||1|2|0||0||0||0||1|3|1|3|9|0|2||2|||||||||||||||||||||||||||||||||||||||||||||||||||||||||||||-7.15377953|-77.70321981
0116|061106|06|LA FLORIDA|1|4|||||||||||||||||||||||||||||1|6|11|6|1|0||||||||||||||||||||||||||||||||||||||||||||||10|1|0|0|0|9|0|0|0|1|0|0|0|0|1|0|0|0|0|0|0|0|0|0|0|0|0|2|0|0|0|0|2|0|0|0|1|0|0|0|0|1|0|0|0|1|0|0|0|0|1|0|0|0|1|0|0|0|0|1|0|0|0|1|0|0|0|0|1|0|0|0|2|0|0|0|0|2|0|0|0|1|1|0|0|0|0|0|0|0|0||0|0|0|0|0|0|0|0|0||0||0||0||0||1|1|1|2|1|2|1|1|1|2|0||1|1|1|1|0||10|0|2||2|||||||||||||||||||||||||||||||||||||||||||||||||||||||||||||-6.8698686|-79.12204548
0117|061108|08|NANCHOC|1|4|||||||||||||||||||||||||||||1|6|11|8|1|0||||||||||||||||||||||||||||||||||||||||||||||11|0|0|0|0|11|0|0|0|1|0|0|0|0|1|0|0|0|0|0|0|0|0|0|0|0|0|3|0|0|0|0|3|0|0|0|1|0|0|0|0|1|0|0|0|1|0|0|0|0|1|0|0|0|1|0|0|0|0|1|0|0|0|1|0|0|0|0|1|0|0|0|2|0|0|0|0|2|0|0|0|1|0|0|0|0|1|0|0|0|0||0|0|0|0|0|0|0|0|0||0||0||0||0||0||0||1|1|1|5|1|2|1|1|0||1|1|1|1|11|0|2||1|1|3||||||||||||||||||||||||||||||||||||||||2|1|0|0|0|0|0|0|0|0|0|0|0|1|0|0|0|0||-6.95922395|-79.24214644
0118|061109|09|NIEPOS|1|4|||||||||||||||||||||||||||||1|6|11|9|0|1||||||||||||||||||||||||||||||||||||||||||||||10|0|0|0|0|10|0|0|0|1|0|0|0|0|1|0|0|0|0|0|0|0|0|0|0|0|0|2|0|0|0|0|2|0|0|0|1|0|0|0|0|1|0|0|0|1|0|0|0|0|1|0|0|0|1|0|0|0|0|1|0|0|0|1|0|0|0|0|1|0|0|0|2|0|0|0|0|2|0|0|0|1|0|0|0|0|1|0|0|0|0||0|0|0|0|0|0|0|0|0||0||0||0||0||0||0||1|2|1|7|0||0||1|1|0||0||10|0|2||1|1|5||||||||||||||||||||||||||||||||||||||||1|||||||||||||||||||-6.92611243|-79.12983022
0119|061109|09|NIEPOS|1|4|||||||||||||||||||||||||||||2|6|11|9|0|1|6|11|3|0|1|||||||||||||||||||||||||||||||||||||||||5|0|0|0|0|5|0|0|0|0|0|0|0|0|0|0|0|0|1|0|0|0|0|1|0|0|0|1|0|0|0|0|1|0|0|0|0|0|0|0|0|0|0|0|0|0|0|0|0|0|0|0|0|0|0|0|0|0|0|0|0|0|0|1|0|0|0|0|1|0|0|0|0|0|0|0|0|0|0|0|0|1|0|0|0|0|1|0|0|0|1|INVESTIGACION DE VIOLENCIA FAMILIAR Y ACCIDENTES DE TRANSITO|0|0|0|0|1|0|0|0|0||0||0||0||0||0||1|1|0||1|1|1|2|0||0||1|1|0||5|0|2||1|1|5||||||||||||||||||||||||||||||||||||||||2|1|0|0|0|0|0|0|0|0|1|1|0|1|0|0|0|0||-6.934423|-79.087913
0120|061301|01|SANTA CRUZ|5|3||||||||1|6|13||||||||||||||||||||||||||||||||||||||||||||||||||||||||||||||||||||||24|1|0|0|0|21|2|0|0|2|0|0|0|0|2|0|0|0|6|0|0|0|0|6|0|0|0|1|0|0|0|0|1|0|0|0|2|0|0|0|0|2|0|0|0|3|0|0|0|0|3|0|0|0|3|0|0|0|0|1|2|0|0|2|0|0|0|0|2|0|0|0|4|0|0|0|0|4|0|0|0|1|1|0|0|0|0|0|0|0|0||0|0|0|0|0|0|0|0|0||0||1|1|0||0||0||0||1|2|1|4|0||1|1|1|1|1|7|1|8|24|0|2||1|2|3|3|||||||||||||||||||||||||||||||||||||||1|||||||||||||||||||-6.62476566|-78.94391623
0121|061302|02|ANDABAMBA|3|4|||||||||||||||||||||||||||||2|6|13|2|1|0|6|13|5|0|1|||||||||||||||||||||||||||||||||||||||||3|0|0|0|0|3|0|0|0|0|0|0|0|0|0|0|0|0|0|0|0|0|0|0|0|0|0|1|0|0|0|0|1|0|0|0|0|0|0|0|0|0|0|0|0|0|0|0|0|0|0|0|0|0|0|0|0|0|0|0|0|0|0|1|0|0|0|0|1|0|0|0|0|0|0|0|0|0|0|0|0|1|0|0|0|0|1|0|0|0|0||0|0|0|0|0|0|0|0|0||0||0||0||0||0||0||1|1|1|1|0||0||0||0||1|1|3|0|2||2|||||||||||||||||||||||||||||||||||||||||||||||||||||||||||||-6.66332145|-78.81744255
0122|061303|03|CATACHE|3|4|||||||||||||||||||||||||||||2|6|13|3|1|0|6|13|9|1|0|||||||||||||||||||||||||||||||||||||||||9|1|0|0|0|8|0|0|0|2|0|0|0|0|2|0|0|0|2|0|0|0|0|2|0|0|0|1|0|0|0|0|1|0|0|0|0|0|0|0|0|0|0|0|0|1|0|0|0|0|1|0|0|0|0|0|0|0|0|0|0|0|0|1|0|0|0|0|1|0|0|0|1|0|0|0|0|1|0|0|0|1|1|0|0|0|0|0|0|0|0||0|0|0|0|0|0|0|0|0||0||0||0||0||1|1|0||1|1|1|3|0||0||0||1|2|1|2|9|0|2||2|||||||||||||||||||||||||||||||||||||||||||||||||||||||||||||-6.67484914|-79.03438879
0123|061303|03|CATACHE|2|5|CENTRO POBLADO|||||||||||||||||||||||||||||||||||||||||||||||||||||||||||||||||||||||||||||||9|0|0|0|0|8|1|0|0|1|0|0|0|0|0|1|0|0|0|0|0|0|0|0|0|0|0|2|0|0|0|0|2|0|0|0|1|0|0|0|0|1|0|0|0|1|0|0|0|0|1|0|0|0|1|0|0|0|0|1|0|0|0|1|0|0|0|0|1|0|0|0|1|0|0|0|0|1|0|0|0|1|0|0|0|0|1|0|0|0|0||0|0|0|0|0|0|0|0|0||0||0||0||0||0||1|1|1|3|0||1|1|1|2|1|2|0||0||9|0|2||2|||||||||||||||||||||||||||||||||||||||||||||||||||||||||||||-6.81319761|-79.08567677
0124|061304|04|CHANCAYBAÑOS|4|4|||||||||||||||||||||||||||||1|6|13|4|1|0||||||||||||||||||||||||||||||||||||||||||||||4|0|0|0|0|4|0|0|0|1|0|0|0|0|1|0|0|0|0|0|0|0|0|0|0|0|0|1|0|0|0|0|1|0|0|0|0|0|0|0|0|0|0|0|0|0|0|0|0|0|0|0|0|0|0|0|0|0|0|0|0|0|0|1|0|0|0|0|1|0|0|0|0|0|0|0|0|0|0|0|0|1|0|0|0|0|1|0|0|0|0||0|0|0|0|0|0|0|0|0||0||0||0||0||0||0||0||1|1|0||0||0||0||1|3|4|0|2||2|||||||||||||||||||||||||||||||||||||||||||||||||||||||||||||-6.57495206|-78.86817217
0125|061306|06|NINABAMBA|3|4|||||||||||||||||||||||||||||1|6|13|6|1|0||||||||||||||||||||||||||||||||||||||||||||||5|0|0|0|0|5|0|0|0|1|0|0|0|0|1|0|0|0|0|0|0|0|0|0|0|0|0|1|0|0|0|0|1|0|0|0|0|0|0|0|0|0|0|0|0|1|0|0|0|0|1|0|0|0|0|0|0|0|0|0|0|0|0|1|0|0|0|0|1|0|0|0|0|0|0|0|0|0|0|0|0|1|0|0|0|0|1|0|0|0|0||0|0|0|0|0|0|0|0|0||0||0||0||0||0||0||1|1|0||1|2|1|1|0||0||1|1|5|0|2||2|||||||||||||||||||||||||||||||||||||||||||||||||||||||||||||-6.6499801|-78.78609089
0126|061307|07|PULAN|2|4|||||||||||||||||||||||||||||1|6|13|7|1|0||||||||||||||||||||||||||||||||||||||||||||||6|0|0|0|0|6|0|0|0|1|0|0|0|0|1|0|0|0|0|0|0|0|0|0|0|0|0|1|0|0|0|0|1|0|0|0|1|0|0|0|0|1|0|0|0|0|0|0|0|0|0|0|0|0|0|0|0|0|0|0|0|0|0|1|0|0|0|0|1|0|0|0|1|0|0|0|0|1|0|0|0|1|0|0|0|0|1|0|0|0|0||0|0|0|0|0|0|0|0|0||0||0||0||0||0||1|1|1|2|1|1|0||0||1|1|1|1|0||6|0|2||2|||||||||||||||||||||||||||||||||||||||||||||||||||||||||||||-6.7392826|-78.92054534
0127|061310|10|UTICYACU|2|4|||||||||||||||||||||||||||||1|6|13|10|1|0||||||||||||||||||||||||||||||||||||||||||||||6|0|0|0|0|6|0|0|0|1|0|0|0|0|1|0|0|0|1|0|0|0|0|1|0|0|0|1|0|0|0|0|1|0|0|0|0|0|0|0|0|0|0|0|0|0|0|0|0|0|0|0|0|0|0|0|0|0|0|0|0|0|0|1|0|0|0|0|1|0|0|0|1|0|0|0|0|1|0|0|0|1|0|0|0|0|1|0|0|0|0||0|0|0|0|0|0|0|0|0||0||0||0||0||0||0||0||0||1|2|1|4|0||0||0||6|0|1|2|2|||||||||||||||||||||||||||||||||||||||||||||||||||||||||||||-6.60667499|-78.7937314
0128|061311|11|YAUYUCAN|2|4|||||||||||||||||||||||||||||1|6|13|11|1|0||||||||||||||||||||||||||||||||||||||||||||||5|0|0|0|0|5|0|0|0|1|0|0|0|0|1|0|0|0|0|0|0|0|0|0|0|0|0|1|0|0|0|0|1|0|0|0|0|0|0|0|0|0|0|0|0|0|0|0|0|0|0|0|0|0|0|0|0|0|0|0|0|0|0|1|0|0|0|0|1|0|0|0|1|0|0|0|0|1|0|0|0|1|0|0|0|0|1|0|0|0|0||0|0|0|0|0|0|0|0|0||0||0||0||0||0||0||0||0||1|1|0||0||1|3|1|1|5|0|2||2|||||||||||||||||||||||||||||||||||||||||||||||||||||||||||||-6.67713596|-78.81870181
0129|140101|01|CHICLAYO|5|4|||||||||||||||||||||||||||||1|14|1|1|0|1||||||||||||||||||||||||||||||||||||||||||||||160|3|0|0|0|150|6|0|1|19|0|0|0|0|15|3|0|1|30|0|0|0|0|30|0|0|0|52|0|0|0|0|52|0|0|0|14|0|0|0|0|13|1|0|0|6|0|0|0|0|6|0|0|0|5|0|0|0|0|5|0|0|0|6|0|0|0|0|4|2|0|0|9|0|0|0|0|9|0|0|0|3|3|0|0|0|0|0|0|0|16|PUESTO DE AUXILIO RAPIDO|0|0|0|0|16|0|0|0|0||1|1|1|1|0||1|1|0||1|34|1|26|1|23|1|9|1|2|1|6|1|16|1|41|160|1|2||1|3|10|10|10||||||||||||||||||||||||||||||||||||||1|||||||||||||||||||-6.771077|-79.835565
0130|140101|01|CHICLAYO|4|4|||||||||||||||||||||||||||||2|14|1|1|0|1|14|1|12|0|1|||||||||||||||||||||||||||||||||||||||||130|3|0|0|0|116|11|0|0|17|0|0|0|0|10|7|0|0|34|0|0|0|0|34|0|0|0|0|0|0|0|0|0|0|0|0|6|0|0|0|0|6|0|0|0|2|0|0|0|0|2|0|0|0|4|0|0|0|0|2|2|0|0|3|0|0|0|0|1|2|0|0|39|0|0|0|0|39|0|0|0|3|3|0|0|0|0|0|0|0|22|PUESTO DE RESPUESTA INMEDIATA|0|0|0|0|22|0|0|0|0||0||1|1|0||0||1|2|1|22|1|22|1|16|1|3|1|1|1|4|1|12|1|47|130|1|1|20|1|2|10|10|||||||||||||||||||||||||||||||||||||||2|2|0|0|0|0|0|0|0|0|1|1|0|1|0|0|0|0||-6.76944737|-79.85570227
0131|140101|01|CHICLAYO|2|3||||||||1|14|1||||||||||||||||||||||||||||||||||||||||||||||||||||||||||||||||||||||22|0|1|0|0|14|7|0|0|3|0|0|0|0|3|0|0|0|0|0|0|0|0|0|0|0|0|0|0|0|0|0|0|0|0|0|0|0|0|0|0|0|0|0|0|0|0|0|0|0|0|0|0|0|0|0|0|0|0|0|0|0|0|0|0|0|0|0|0|0|0|0|18|0|0|0|0|11|7|0|0|1|0|1|0|0|0|0|0|0|0||0|0|0|0|0|0|0|0|0||0||0||1|1|0||0||1|4|1|1|1|2|1|1|0||0||1|4|1|9|22|0|2||2|||||||||||||||||||||||||||||||||||||||||||||||||||||||||||||-6.77655236|-79.82950913
0132|140101|01|CHICLAYO|3|2||1|14|||||||||||||||||||||||||||||||||||||||||||||||||||||||||||||||||||||||||||||65|0|4|0|0|21|38|2|0|10|0|0|0|0|1|8|1|0|4|0|0|0|0|2|2|0|0|0|0|0|0|0|0|0|0|0|0|0|0|0|0|0|0|0|0|0|0|0|0|0|0|0|0|0|7|0|2|0|0|0|5|0|0|1|0|0|0|0|1|0|0|0|15|0|0|0|0|4|11|0|0|1|0|1|0|0|0|0|0|0|27|PUESTO DE AUXILIO RAPIDO|0|1|0|0|13|12|1|0|0||0||0||1|1|1|1|1|2|1|4|1|5|1|1|1|4|1|2|1|4|1|8|1|33|65|1|2||2|||||||||||||||||||||||||||||||||||||||||||||||||||||||||||||-6.7775744|-79.8388732
0133|140101|01|CHICLAYO|5|3||||||||1|14|1||||||||||||||||||||||||||||||||||||||||||||||||||||||||||||||||||||||102|3|0|0|0|83|15|0|1|14|0|0|0|0|7|6|0|1|35|0|0|0|0|35|0|0|0|0|0|0|0|0|0|0|0|0|7|0|0|0|0|6|1|0|0|3|0|0|0|0|2|1|0|0|3|0|0|0|0|0|3|0|0|6|0|0|0|0|3|3|0|0|7|0|0|0|0|6|1|0|0|3|3|0|0|0|0|0|0|0|24|PUESTO DE AUXILIO RAPIDO|0|0|0|0|24|0|0|0|0||0||1|1|0||0||1|2|1|14|1|14|1|13|1|7|1|1|1|4|1|15|1|31|102|0|1|7|2|||||||||||||||||||||||||||||||||||||||||||||||||||||||||||||-6.76830595|-79.83000309
0134|140101|01|CHICLAYO|4|3||||||||1|14|1||||||||||||||||||||||||||||||||||||||||||||||||||||||||||||||||||||||67|3|0|0|0|57|7|0|0|13|2|0|0|0|8|3|0|0|27|0|0|0|0|27|0|0|0|0|0|0|0|0|0|0|0|0|7|0|0|0|0|6|1|0|0|2|0|0|0|0|1|1|0|0|2|0|0|0|0|2|0|0|0|4|0|0|0|0|2|2|0|0|11|0|0|0|0|11|0|0|0|1|1|0|0|0|0|0|0|0|0||0|0|0|0|0|0|0|0|0||0||1|1|0||1|1|1|1|1|9|1|12|1|8|0||0||0||1|8|1|27|67|0|1|3|1|1|12||||||||||||||||||||||||||||||||||||||||1|||||||||||||||||||-6.76607733|-79.84471269
0135|140102|02|CHONGOYAPE|3|5|CENTRO POBLADO|||||||||||||||||||||||||||||||||||||||||||||||||||||||||||||||||||||||||||||||13|1|0|0|0|12|0|0|0|2|0|0|0|0|2|0|0|0|2|0|0|0|0|2|0|0|0|2|0|0|0|0|2|0|0|0|1|0|0|0|0|1|0|0|0|1|0|0|0|0|1|0|0|0|1|0|0|0|0|1|0|0|0|1|0|0|0|0|1|0|0|0|2|0|0|0|0|2|0|0|0|1|1|0|0|0|0|0|0|0|0||0|0|0|0|0|0|0|0|0||0||0||0||1|1|0||1|1|1|4|0||0||1|1|0||1|4|1|2|13|0|2||1|1|4||||||||||||||||||||||||||||||||||||||||2|1|1|0|0|0|0|0|0|0|0|0|0|1|0|0|0|0||-6.74604247|-79.47916165
0136|140102|02|CHONGOYAPE|4|4|||||||||||||||||||||||||||||1|14|1|2|1|0||||||||||||||||||||||||||||||||||||||||||||||35|2|0|0|0|30|3|0|0|4|0|0|0|0|3|1|0|0|14|0|0|0|0|14|0|0|0|0|0|0|0|0|0|0|0|0|4|0|0|0|0|4|0|0|0|2|0|0|0|0|2|0|0|0|2|0|0|0|0|0|2|0|0|1|0|0|0|0|1|0|0|0|6|0|0|0|0|6|0|0|0|2|2|0|0|0|0|0|0|0|0||0|0|0|0|0|0|0|0|0||0||0||1|1|1|1|0||1|3|1|1|1|3|1|3|0||1|2|1|7|1|14|35|1|2||2|||||||||||||||||||||||||||||||||||||||||||||||||||||||||||||-6.63659594|-79.39419429
0137|140103|03|ETEN|3|4|||||||||||||||||||||||||||||1|14|1|3|1|0||||||||||||||||||||||||||||||||||||||||||||||20|0|1|0|0|17|2|0|0|2|0|0|0|0|2|0|0|0|8|0|0|0|0|8|0|0|0|0|0|0|0|0|0|0|0|0|2|0|0|0|0|2|0|0|0|1|0|0|0|0|1|0|0|0|0|0|0|0|0|0|0|0|0|2|0|0|0|0|0|2|0|0|4|0|0|0|0|4|0|0|0|1|0|1|0|0|0|0|0|0|0||0|0|0|0|0|0|0|0|0||0||0||1|1|0||0||1|3|1|3|1|2|1|2|0||0||1|5|1|4|20|0|2||1|2|7|7|||||||||||||||||||||||||||||||||||||||1|||||||||||||||||||-6.90722048|-79.86165937
0138|140104|04|ETEN PUERTO|1|4|||||||||||||||||||||||||||||1|14|1|4|1|0||||||||||||||||||||||||||||||||||||||||||||||26|1|0|0|0|23|2|0|0|3|0|0|0|0|1|2|0|0|6|0|0|0|0|6|0|0|0|4|0|0|0|0|4|0|0|0|2|0|0|0|0|2|0|0|0|0|0|0|0|0|0|0|0|0|0|0|0|0|0|0|0|0|0|2|0|0|0|0|2|0|0|0|8|0|0|0|0|8|0|0|0|1|1|0|0|0|0|0|0|0|0||0|0|0|0|0|0|0|0|0||0||1|1|0||0||0||1|4|1|2|1|4|1|4|1|1|1|1|1|2|1|7|26|0|2||2|||||||||||||||||||||||||||||||||||||||||||||||||||||||||||||-6.92718249|-79.86359473
0139|140105|05|JOSE LEONARDO ORTIZ|5|4|||||||||||||||||||||||||||||1|14|1|5|0|1||||||||||||||||||||||||||||||||||||||||||||||154|6|0|0|0|139|9|0|0|12|0|0|0|0|9|3|0|0|36|0|0|0|0|36|0|0|0|81|0|0|0|0|78|3|0|0|2|0|0|0|0|2|0|0|0|2|0|0|0|0|2|0|0|0|2|0|0|0|0|2|0|0|0|7|0|0|0|0|4|3|0|0|5|0|0|0|0|5|0|0|0|6|6|0|0|0|0|0|0|0|1|EN PROCESO JUDICIAL|0|0|0|0|1|0|0|0|0||1|1|0||1|2|1|1|1|2|1|19|1|18|1|19|1|19|1|9|1|8|1|13|1|43|154|0|1|10|2|||||||||||||||||||||||||||||||||||||||||||||||||||||||||||||-6.75261187|-79.84265129
0140|140105|05|JOSE LEONARDO ORTIZ|3|4|||||||||||||||||||||||||||||1|14|1|5|0|1||||||||||||||||||||||||||||||||||||||||||||||124|3|1|0|0|103|17|0|0|13|0|1|0|0|8|4|0|0|37|1|0|0|0|36|0|0|0|32|0|0|0|0|27|5|0|0|6|1|0|0|0|4|1|0|0|3|0|0|0|0|2|1|0|0|3|0|0|0|0|0|3|0|0|5|0|0|0|0|2|3|0|0|9|0|0|0|0|9|0|0|0|1|1|0|0|0|0|0|0|0|15|PUESTO DE RESPUESTA INMEDIATA|0|0|0|0|15|0|0|0|0||0||1|1|1|1|0||1|2|1|14|1|10|1|6|1|5|1|4|1|4|1|17|1|60|124|0|2||1|2|10|10|||||||||||||||||||||||||||||||||||||||1|||||||||||||||||||-6.75910468|-79.82570635
0141|140106|06|LA VICTORIA|6|4|||||||||||||||||||||||||||||1|14|1|6|1|0||||||||||||||||||||||||||||||||||||||||||||||92|5|1|0|0|67|18|1|0|7|1|0|0|0|3|3|0|0|37|3|0|0|0|33|1|0|0|10|0|0|0|0|7|3|0|0|9|0|0|0|0|7|2|0|0|2|0|0|0|0|2|0|0|0|5|0|0|0|0|1|4|0|0|9|0|1|0|0|2|5|1|0|12|0|0|0|0|12|0|0|0|1|1|0|0|0|0|0|0|0|0||0|0|0|0|0|0|0|0|0||1|1|0||1|1|1|1|1|3|1|7|1|11|1|10|1|5|1|5|1|1|1|17|1|30|92|0|2||1|2|10|10|||||||||||||||||||||||||||||||||||||||2|1|0|1|0|1|0|0|0|0|0|0|0|1|0|0|0|0||-6.798673|-79.835768
0142|140107|07|LAGUNAS|2|4|||||||||||||||||||||||||||||1|14|1|7|1|0||||||||||||||||||||||||||||||||||||||||||||||28|1|0|0|0|24|3|0|0|1|0|0|0|0|1|0|0|0|11|0|0|0|0|11|0|0|0|1|0|0|0|0|0|1|0|0|3|0|0|0|0|2|1|0|0|0|0|0|0|0|0|0|0|0|0|0|0|0|0|0|0|0|0|1|0|0|0|0|0|1|0|0|2|0|0|0|0|2|0|0|0|1|1|0|0|0|0|0|0|0|8|SEGURIDAD DE LAS INSTALACIONES DEL COMPLEJO Y CORRESPONDENCIA|0|0|0|0|8|0|0|0|0||0||0||1|1|0||0||1|2|1|5|1|3|1|1|1|1|0||1|2|1|13|28|0|2||1|2|5|5|||||||||||||||||||||||||||||||||||||||1|||||||||||||||||||-6.99077362|-79.62200408
0143|140108|08|MONSEFU|4|4|||||||||||||||||||||||||||||1|14|1|8|1|0||||||||||||||||||||||||||||||||||||||||||||||39|3|0|0|0|32|4|0|0|4|0|0|0|0|1|3|0|0|22|2|0|0|0|19|1|0|0|1|0|0|0|0|1|0|0|0|2|0|0|0|0|2|0|0|0|2|0|0|0|0|2|0|0|0|0|0|0|0|0|0|0|0|0|2|0|0|0|0|2|0|0|0|5|0|0|0|0|5|0|0|0|1|1|0|0|0|0|0|0|0|0||0|0|0|0|0|0|0|0|0||0||1|1|1|1|0||1|1|1|5|1|5|1|3|1|2|1|3|1|1|1|3|1|14|39|0|2||2|||||||||||||||||||||||||||||||||||||||||||||||||||||||||||||-6.87796991|-79.87231319
0144|140109|09|NUEVA ARICA|3|4|||||||||||||||||||||||||||||1|14|1|9|0|1||||||||||||||||||||||||||||||||||||||||||||||11|0|0|0|0|10|1|0|0|1|0|0|0|0|1|0|0|0|4|0|0|0|0|4|0|0|0|2|0|0|0|0|2|0|0|0|0|0|0|0|0|0|0|0|0|0|0|0|0|0|0|0|0|0|0|0|0|0|0|0|0|0|0|1|0|0|0|0|0|1|0|0|2|0|0|0|0|2|0|0|0|1|0|0|0|0|1|0|0|0|0||0|0|0|0|0|0|0|0|0||0||0||0||0||0||1|1|0||1|2|1|2|0||1|1|1|1|1|4|11|0|2||2|||||||||||||||||||||||||||||||||||||||||||||||||||||||||||||-6.87425603|-79.34384129
0145|140110|10|OYOTUN|4|4|||||||||||||||||||||||||||||1|14|1|10|1|0||||||||||||||||||||||||||||||||||||||||||||||9|0|0|0|0|9|0|0|0|1|0|0|0|0|1|0|0|0|4|0|0|0|0|4|0|0|0|0|0|0|0|0|0|0|0|0|0|0|0|0|0|0|0|0|0|1|0|0|0|0|1|0|0|0|0|0|0|0|0|0|0|0|0|1|0|0|0|0|1|0|0|0|1|0|0|0|0|1|0|0|0|1|0|0|0|0|1|0|0|0|0||0|0|0|0|0|0|0|0|0||0||0||0||0||0||1|1|1|1|1|4|1|2|0||1|1|0||0||9|0|2||1|1|3||||||||||||||||||||||||||||||||||||||||1|||||||||||||||||||-6.84643454|-79.30194352
0146|140111|11|PICSI|6|4|||||||||||||||||||||||||||||1|14|1|11|1|0||||||||||||||||||||||||||||||||||||||||||||||23|1|0|0|0|20|2|0|0|4|0|0|0|0|2|2|0|0|11|0|0|0|0|11|0|0|0|0|0|0|0|0|0|0|0|0|2|0|0|0|0|2|0|0|0|0|0|0|0|0|0|0|0|0|0|0|0|0|0|0|0|0|0|1|0|0|0|0|1|0|0|0|2|0|0|0|0|2|0|0|0|1|1|0|0|0|0|0|0|0|2|SEGURIDAD DE LAS INSTALACIONES DEL COMPLEJO|0|0|0|0|2|0|0|0|0||0||1|1|0||0||0||1|4|1|1|0||0||0||0||1|2|1|15|23|0|2||1|1|10||||||||||||||||||||||||||||||||||||||||2|1|0|0|0|0|0|0|0|0|0|0|1|0|0|0|0|0||-6.71468998|-79.77079465
0147|140112|12|PIMENTEL|5|4|||||||||||||||||||||||||||||1|14|1|12|1|0||||||||||||||||||||||||||||||||||||||||||||||39|1|1|0|0|34|3|0|0|6|0|1|0|0|3|2|0|0|17|0|0|0|0|17|0|0|0|0|0|0|0|0|0|0|0|0|2|0|0|0|0|2|0|0|0|2|0|0|0|0|1|1|0|0|2|0|0|0|0|2|0|0|0|2|0|0|0|0|2|0|0|0|7|0|0|0|0|7|0|0|0|1|1|0|0|0|0|0|0|0|0||0|0|0|0|0|0|0|0|0||1|1|0||0||0||1|1|1|2|1|3|1|1|1|4|1|3|0||1|8|1|16|39|0|2||2|||||||||||||||||||||||||||||||||||||||||||||||||||||||||||||-6.83486523|-79.93584375
0148|140113|13|REQUE|4|4|||||||||||||||||||||||||||||1|14|1|13|1|0||||||||||||||||||||||||||||||||||||||||||||||32|1|0|0|0|28|3|0|0|3|0|0|0|0|2|1|0|0|16|0|0|0|0|16|0|0|0|4|0|0|0|0|3|1|0|0|1|0|0|0|0|1|0|0|0|1|0|0|0|0|1|0|0|0|1|0|0|0|0|1|0|0|0|2|0|0|0|0|1|1|0|0|2|0|0|0|0|2|0|0|0|2|1|0|0|0|1|0|0|0|0||0|0|0|0|0|0|0|0|0||0||1|1|0||0||0||1|4|1|2|1|5|1|3|1|1|1|1|1|4|1|11|32|0|2||1|2|5|5|||||||||||||||||||||||||||||||||||||||1|||||||||||||||||||-6.86326013|-79.81844693
0149|140114|14|SANTA ROSA|3|4|||||||||||||||||||||||||||||1|14|1|14|1|0||||||||||||||||||||||||||||||||||||||||||||||23|1|0|0|0|20|2|0|0|4|0|0|0|0|2|2|0|0|9|0|0|0|0|9|0|0|0|3|0|0|0|0|3|0|0|0|1|0|0|0|0|1|0|0|0|1|0|0|0|0|1|0|0|0|0|0|0|0|0|0|0|0|0|2|0|0|0|0|2|0|0|0|2|0|0|0|0|2|0|0|0|1|1|0|0|0|0|0|0|0|0||0|0|0|0|0|0|0|0|0||0||0||1|1|0||0||1|3|1|5|1|6|1|1|1|1|1|1|1|4|1|1|23|0|2||1|1|4||||||||||||||||||||||||||||||||||||||||2|1|0|1|0|0|0|0|0|0|1|0|0|0|0|0|0|1|CONOS|-6.87972981|-79.92338899
0150|140115|15|SAÑA|4|4|||||||||||||||||||||||||||||1|14|1|15|1|0||||||||||||||||||||||||||||||||||||||||||||||14|1|0|0|0|13|0|0|0|2|0|0|0|0|2|0|0|0|6|0|0|0|0|6|0|0|0|0|0|0|0|0|0|0|0|0|0|0|0|0|0|0|0|0|0|2|0|0|0|0|2|0|0|0|0|0|0|0|0|0|0|0|0|1|0|0|0|0|1|0|0|0|2|0|0|0|0|2|0|0|0|1|1|0|0|0|0|0|0|0|0||0|0|0|0|0|0|0|0|0||0||0||0||1|1|0||1|2|1|5|1|2|1|1|0||0||1|3|0||14|0|2||1|1|3||||||||||||||||||||||||||||||||||||||||1|||||||||||||||||||-6.92376|-79.583015
0151|140115|15|SAÑA|3|4|||||||||||||||||||||||||||||1|14|1|15|0|1||||||||||||||||||||||||||||||||||||||||||||||16|1|0|0|0|15|0|0|0|1|0|0|0|0|1|0|0|0|6|0|0|0|0|6|0|0|0|4|0|0|0|0|4|0|0|0|0|0|0|0|0|0|0|0|0|1|0|0|0|0|1|0|0|0|0|0|0|0|0|0|0|0|0|1|0|0|0|0|1|0|0|0|2|0|0|0|0|2|0|0|0|1|1|0|0|0|0|0|0|0|0||0|0|0|0|0|0|0|0|0||0||0||1|1|0||0||1|1|1|1|1|2|1|1|0||1|1|1|4|1|5|16|0|1|1|2|||||||||||||||||||||||||||||||||||||||||||||||||||||||||||||-6.8117834|-79.64041278
0152|140116|16|CAYALTI|3|4|||||||||||||||||||||||||||||1|14|1|16|1|0||||||||||||||||||||||||||||||||||||||||||||||25|1|0|0|0|22|2|0|0|5|0|0|0|0|5|0|0|0|8|0|0|0|0|8|0|0|0|2|0|0|0|0|2|0|0|0|2|0|0|0|0|2|0|0|0|1|0|0|0|0|1|0|0|0|0|0|0|0|0|0|0|0|0|2|0|0|0|0|0|2|0|0|4|0|0|0|0|4|0|0|0|1|1|0|0|0|0|0|0|0|0||0|0|0|0|0|0|0|0|0||0||1|1|0||0||0||1|3|1|4|1|3|1|2|1|2|1|1|1|3|1|6|25|0|1|3|1|1|12||||||||||||||||||||||||||||||||||||||||1|||||||||||||||||||-6.89144842|-79.56137574
0153|140117|17|PATAPO|5|4|||||||||||||||||||||||||||||1|14|1|17|1|0||||||||||||||||||||||||||||||||||||||||||||||26|1|0|0|0|24|1|0|0|3|0|0|0|0|3|0|0|0|10|0|0|0|0|10|0|0|0|3|0|0|0|0|3|0|0|0|1|0|0|0|0|1|0|0|0|1|0|0|0|0|1|0|0|0|1|0|0|0|0|1|0|0|0|1|0|0|0|0|1|0|0|0|3|0|0|0|0|2|1|0|0|1|1|0|0|0|0|0|0|0|2|PUESTO DE AUXILIO RAPIDO|0|0|0|0|2|0|0|0|0||0||0||1|1|0||0||1|1|1|6|1|3|1|4|1|2|0||1|4|1|5|26|0|1|1|1|2|6|6|||||||||||||||||||||||||||||||||||||||1|||||||||||||||||||-6.73773795|-79.64038217
0154|140117|17|PATAPO|3|5|CENTRO POBLADO|||||||||||||||||||||||||||||||||||||||||||||||||||||||||||||||||||||||||||||||17|1|0|0|0|15|1|0|0|2|0|0|0|0|2|0|0|0|6|0|0|0|0|6|0|0|0|0|0|0|0|0|0|0|0|0|1|0|0|0|0|1|0|0|0|1|0|0|0|0|1|0|0|0|1|0|0|0|0|1|0|0|0|1|0|0|0|0|0|1|0|0|4|0|0|0|0|4|0|0|0|1|1|0|0|0|0|0|0|0|0||0|0|0|0|0|0|0|0|0||0||0||0||0||1|1|0||1|1|1|3|1|1|0||0||1|6|1|5|17|0|1|1|2|||||||||||||||||||||||||||||||||||||||||||||||||||||||||||||-6.73519227|-79.63468427
0155|140118|18|POMALCA|4|4|||||||||||||||||||||||||||||1|14|1|18|1|0||||||||||||||||||||||||||||||||||||||||||||||40|1|0|0|0|36|3|0|0|6|0|0|0|0|5|1|0|0|20|0|0|0|0|20|0|0|0|0|0|0|0|0|0|0|0|0|2|0|0|0|0|2|0|0|0|2|0|0|0|0|2|0|0|0|2|0|0|0|0|1|1|0|0|2|0|0|0|0|1|1|0|0|5|0|0|0|0|5|0|0|0|1|1|0|0|0|0|0|0|0|0||0|0|0|0|0|0|0|0|0||0||0||1|1|0||0||1|2|1|5|1|7|1|1|1|1|1|4|1|6|1|13|40|0|2||1|1|18||||||||||||||||||||||||||||||||||||||||1|||||||||||||||||||-6.76930383|-79.77265477
0156|140120|20|TUMAN|5|4|||||||||||||||||||||||||||||1|14|1|20|1|0||||||||||||||||||||||||||||||||||||||||||||||65|3|0|0|0|59|3|0|0|6|0|0|0|0|4|2|0|0|22|0|0|0|0|22|0|0|0|16|0|0|0|0|16|0|0|0|6|0|0|0|0|6|0|0|0|2|0|0|0|0|2|0|0|0|2|0|0|0|0|1|1|0|0|2|0|0|0|0|2|0|0|0|6|0|0|0|0|6|0|0|0|3|3|0|0|0|0|0|0|0|0||0|0|0|0|0|0|0|0|0||0||1|1|0||0||1|2|1|4|1|3|1|3|1|2|1|2|1|2|1|20|1|26|65|0|2||1|2|30|30|||||||||||||||||||||||||||||||||||||||1|||||||||||||||||||-6.749977|-79.70303654
0157|140119|19|PUCALA|4|4|||||||||||||||||||||||||||||1|14|1|19|1|0||||||||||||||||||||||||||||||||||||||||||||||20|1|0|0|0|15|4|0|0|2|0|0|0|0|0|2|0|0|10|0|0|0|0|10|0|0|0|0|0|0|0|0|0|0|0|0|0|0|0|0|0|0|0|0|0|2|0|0|0|0|2|0|0|0|0|0|0|0|0|0|0|0|0|2|0|0|0|0|0|2|0|0|3|0|0|0|0|3|0|0|0|1|1|0|0|0|0|0|0|0|0||0|0|0|0|0|0|0|0|0||0||0||1|1|0||0||1|3|1|4|0||1|1|0||1|1|1|3|1|7|20|0|2||2|||||||||||||||||||||||||||||||||||||||||||||||||||||||||||||-6.7801603|-79.6108792
0158|140120|20|TUMAN|2|5|CENTRO POBLADO|||||||||||||||||||||||||||||||||||||||||||||||||||||||||||||||||||||||||||||||13|1|0|0|0|10|2|0|0|1|0|0|0|0|1|0|0|0|6|0|0|0|0|6|0|0|0|0|0|0|0|0|0|0|0|0|1|0|0|0|0|1|0|0|0|0|0|0|0|0|0|0|0|0|1|0|0|0|0|0|1|0|0|1|0|0|0|0|0|1|0|0|2|0|0|0|0|2|0|0|0|1|1|0|0|0|0|0|0|0|0||0|0|0|0|0|0|0|0|0||0||0||1|1|0||0||1|2|1|1|1|3|0||1|1|0||1|2|1|3|13|0|2||1|1|13||||||||||||||||||||||||||||||||||||||||1|||||||||||||||||||-6.77877084|-79.67878803
0159|140201|01|FERREÑAFE|6|3||||||||1|14|2||||||||||||||||||||||||||||||||||||||||||||||||||||||||||||||||||||||88|4|0|0|0|71|13|0|0|17|0|0|0|0|11|6|0|0|36|0|0|0|0|36|0|0|0|0|0|0|0|0|0|0|0|0|9|1|0|0|0|8|0|0|0|5|1|0|0|0|1|3|0|0|5|1|0|0|0|1|3|0|0|3|0|0|0|0|2|1|0|0|10|0|0|0|0|10|0|0|0|1|1|0|0|0|0|0|0|0|2|SOMETIDOS A LEY|0|0|0|0|2|0|0|0|0||1|1|0||1|1|0||1|2|1|4|1|13|1|18|1|3|1|2|1|3|1|15|1|26|88|1|1|12|1|6|10|10|10|10|10|10|||||||||||||||||||||||||||||||||||1|||||||||||||||||||-6.63520723|-79.7911479
0160|140203|03|INCAHUASI|3|4|||||||||||||||||||||||||||||1|14|2|3|1|0||||||||||||||||||||||||||||||||||||||||||||||10|0|0|0|0|10|0|0|0|0|0|0|0|0|0|0|0|0|2|0|0|0|0|2|0|0|0|1|0|0|0|0|1|0|0|0|1|0|0|0|0|1|0|0|0|2|0|0|0|0|2|0|0|0|1|0|0|0|0|1|0|0|0|1|0|0|0|0|1|0|0|0|1|0|0|0|0|1|0|0|0|1|0|0|0|0|1|0|0|0|0||0|0|0|0|0|0|0|0|0||0||0||0||0||0||1|1|0||1|3|1|1|1|1|0||0||1|4|10|0|2||2|||||||||||||||||||||||||||||||||||||||||||||||||||||||||||||-6.23578185|-79.3162728
0161|140203|03|INCAHUASI|2|5|CENTRO POBLADO|||||||||||||||||||||||||||||||||||||||||||||||||||||||||||||||||||||||||||||||7|0|0|0|0|7|0|0|0|1|0|0|0|0|1|0|0|0|1|0|0|0|0|1|0|0|0|1|0|0|0|0|1|0|0|0|1|0|0|0|0|1|0|0|0|0|0|0|0|0|0|0|0|0|0|0|0|0|0|0|0|0|0|1|0|0|0|0|1|0|0|0|1|0|0|0|0|1|0|0|0|1|0|0|0|0|1|0|0|0|0||0|0|0|0|0|0|0|0|0||0||0||0||0||0||0||1|1|1|3|1|1|0||0||0||1|2|7|0|2||2|||||||||||||||||||||||||||||||||||||||||||||||||||||||||||||-6.21932842|-79.36064768
0162|140205|05|PITIPO|5|4|||||||||||||||||||||||||||||1|14|2|5|1|0||||||||||||||||||||||||||||||||||||||||||||||14|1|0|0|0|12|1|0|0|1|0|0|0|0|0|1|0|0|6|0|0|0|0|6|0|0|0|1|0|0|0|0|1|0|0|0|2|0|0|0|0|2|0|0|0|0|0|0|0|0|0|0|0|0|0|0|0|0|0|0|0|0|0|1|0|0|0|0|1|0|0|0|2|0|0|0|0|2|0|0|0|1|1|0|0|0|0|0|0|0|0||0|0|0|0|0|0|0|0|0||0||0||0||1|1|0||1|1|0||1|1|1|2|1|2|1|2|1|3|1|2|14|0|2||1|2|7|7|||||||||||||||||||||||||||||||||||||||1|||||||||||||||||||-6.4831992|-79.6541801
0163|140301|01|LAMBAYEQUE|5|4|||||||||||||||||||||||||||||1|14|3|1|0|1||||||||||||||||||||||||||||||||||||||||||||||92|5|1|0|0|77|9|0|0|5|0|0|0|0|4|1|0|0|30|0|0|0|0|30|0|0|0|2|0|0|0|0|2|0|0|0|7|0|0|0|0|7|0|0|0|3|0|0|0|0|2|1|0|0|2|0|0|0|0|0|2|0|0|3|0|0|0|0|2|1|0|0|9|0|0|0|0|9|0|0|0|6|5|1|0|0|0|0|0|0|25|POLICIA JUDICIAL|0|0|0|0|21|4|0|0|0||1|1|0||1|2|1|1|1|2|1|10|1|12|1|16|1|9|1|2|1|6|1|10|1|21|92|0|2||1|2|6|6|||||||||||||||||||||||||||||||||||||||1|||||||||||||||||||-6.70112701|-79.90658736
0164|140301|01|LAMBAYEQUE|3|4|||||||||||||||||||||||||||||1|14|3|1|0|1||||||||||||||||||||||||||||||||||||||||||||||25|1|0|0|0|22|2|0|0|3|0|0|0|0|2|1|0|0|9|0|0|0|0|9|0|0|0|0|0|0|0|0|0|0|0|0|2|0|0|0|0|2|0|0|0|2|0|0|0|0|2|0|0|0|1|0|0|0|0|0|1|0|0|1|0|0|0|0|1|0|0|0|6|0|0|0|0|6|0|0|0|1|1|0|0|0|0|0|0|0|0||0|0|0|0|0|0|0|0|0||0||1|1|0||0||0||1|4|1|1|1|2|1|2|0||0||1|7|1|8|25|0|1|2|1|1|3||||||||||||||||||||||||||||||||||||||||1|||||||||||||||||||-6.70812895|-79.91431189
0165|140303|03|ILLIMO|2|4|||||||||||||||||||||||||||||1|14|3|3|1|0||||||||||||||||||||||||||||||||||||||||||||||20|0|1|0|0|18|1|0|0|2|0|0|0|0|2|0|0|0|4|0|0|0|0|4|0|0|0|6|0|0|0|0|6|0|0|0|1|0|0|0|0|1|0|0|0|1|0|0|0|0|1|0|0|0|1|0|0|0|0|1|0|0|0|2|0|0|0|0|1|1|0|0|2|0|0|0|0|2|0|0|0|1|0|1|0|0|0|0|0|0|0||0|0|0|0|0|0|0|0|0||0||0||1|1|0||0||1|1|1|1|1|5|1|3|0||0||1|3|1|6|20|0|1|2|2|||||||||||||||||||||||||||||||||||||||||||||||||||||||||||||-6.474655|-79.855252
0166|140304|04|JAYANCA|3|4|||||||||||||||||||||||||||||1|14|3|4|1|0||||||||||||||||||||||||||||||||||||||||||||||18|1|0|0|0|15|2|0|0|1|0|0|0|0|0|1|0|0|4|0|0|0|0|4|0|0|0|4|0|0|0|0|3|1|0|0|1|0|0|0|0|1|0|0|0|1|0|0|0|0|1|0|0|0|1|0|0|0|0|1|0|0|0|1|0|0|0|0|1|0|0|0|4|0|0|0|0|4|0|0|0|1|1|0|0|0|0|0|0|0|0||0|0|0|0|0|0|0|0|0||0||0||1|1|0||0||1|1|1|5|1|2|1|2|0||1|1|1|3|1|3|18|0|1|2|1|2|4|4|||||||||||||||||||||||||||||||||||||||2|2|0|1|0|1|0|0|0|0|1|1|1|1|0|1|0|0||-6.39140043|-79.82291111
0167|140305|05|MOCHUMI|4|4|||||||||||||||||||||||||||||1|14|3|5|1|0||||||||||||||||||||||||||||||||||||||||||||||18|1|0|0|0|16|1|0|0|4|0|0|0|0|3|1|0|0|2|0|0|0|0|2|0|0|0|2|0|0|0|0|2|0|0|0|1|0|0|0|0|1|0|0|0|1|0|0|0|0|1|0|0|0|1|0|0|0|0|1|0|0|0|1|0|0|0|0|1|0|0|0|5|0|0|0|0|5|0|0|0|1|1|0|0|0|0|0|0|0|0||0|0|0|0|0|0|0|0|0||0||0||0||1|1|0||1|3|1|2|1|1|0||1|1|0||1|3|1|7|18|0|1|2|1|2|2|2|||||||||||||||||||||||||||||||||||||||1|||||||||||||||||||-6.5511264|-79.86651798
0168|140306|06|MORROPE|4|4|||||||||||||||||||||||||||||1|14|3|6|0|1||||||||||||||||||||||||||||||||||||||||||||||23|1|0|0|0|20|2|0|0|2|0|0|0|0|2|0|0|0|8|0|0|0|0|8|0|0|0|4|0|0|0|0|4|0|0|0|1|0|0|0|0|1|0|0|0|1|0|0|0|0|1|0|0|0|1|0|0|0|0|1|0|0|0|2|0|0|0|0|1|1|0|0|3|0|0|0|0|2|1|0|0|1|1|0|0|0|0|0|0|0|0||0|0|0|0|0|0|0|0|0||0||1|1|0||0||0||1|1|1|3|1|2|1|1|1|2|1|2|1|4|1|7|23|0|2||1|2|6|7|||||||||||||||||||||||||||||||||||||||1|||||||||||||||||||-6.54058378|-80.01568366
0169|140306|06|MORROPE|3|4|||||||||||||||||||||||||||||1|14|3|6|0|1||||||||||||||||||||||||||||||||||||||||||||||10|1|0|0|0|9|0|0|0|2|0|0|0|0|2|0|0|0|4|0|0|0|0|4|0|0|0|0|0|0|0|0|0|0|0|0|0|0|0|0|0|0|0|0|0|1|0|0|0|0|1|0|0|0|0|0|0|0|0|0|0|0|0|1|0|0|0|0|1|0|0|0|1|0|0|0|0|1|0|0|0|1|1|0|0|0|0|0|0|0|0||0|0|0|0|0|0|0|0|0||0||0||0||1|1|0||1|1|0||1|4|0||1|2|0||0||1|2|10|0|2||1|1|3||||||||||||||||||||||||||||||||||||||||1|||||||||||||||||||-6.51352711|-79.96060618
0170|140307|07|MOTUPE|3|4|||||||||||||||||||||||||||||1|14|3|7|1|0||||||||||||||||||||||||||||||||||||||||||||||31|1|0|0|0|29|0|1|0|2|0|0|0|0|2|0|0|0|8|0|0|0|0|8|0|0|0|8|0|0|0|0|8|0|0|0|3|0|0|0|0|3|0|0|0|1|0|0|0|0|1|0|0|0|0|0|0|0|0|0|0|0|0|1|0|0|0|0|1|0|0|0|6|0|0|0|0|6|0|0|0|1|1|0|0|0|0|0|0|0|1|CHOFER|0|0|0|0|0|0|1|0|0||0||1|1|0||0||0||1|3|1|6|1|5|1|3|1|1|1|1|0||1|11|31|0|1|6|1|1|10||||||||||||||||||||||||||||||||||||||||2|1|1|1|1|1|0|0|0|0|1|0|0|1|0|1|0|0||-6.15386685|-79.71229043
0171|140308|08|OLMOS|4|4|||||||||||||||||||||||||||||3|14|3|7|1|0|14|3|10|1|0|14|3|8|1|0||||||||||||||||||||||||||||||||||||43|1|0|0|0|42|0|0|0|2|0|0|0|0|2|0|0|0|16|0|0|0|0|16|0|0|0|13|0|0|0|0|13|0|0|0|4|0|0|0|0|4|0|0|0|0|0|0|0|0|0|0|0|0|0|0|0|0|0|0|0|0|0|1|0|0|0|0|1|0|0|0|2|0|0|0|0|2|0|0|0|1|1|0|0|0|0|0|0|0|4|APOYO A LA JUSTICIA|0|0|0|0|4|0|0|0|0||0||1|1|0||0||0||1|3|1|4|1|5|1|4|0||1|1|1|11|1|14|43|0|1|2|1|4|10|10|10|10|||||||||||||||||||||||||||||||||||||1|||||||||||||||||||-5.98747608|-79.74313371
0172|140309|09|PACORA|2|4|||||||||||||||||||||||||||||1|14|3|9|1|0||||||||||||||||||||||||||||||||||||||||||||||12|1|0|0|0|11|0|0|0|1|0|0|0|0|1|0|0|0|4|0|0|0|0|4|0|0|0|1|0|0|0|0|1|0|0|0|2|0|0|0|0|2|0|0|0|0|0|0|0|0|0|0|0|0|0|0|0|0|0|0|0|0|0|1|0|0|0|0|1|0|0|0|2|0|0|0|0|2|0|0|0|1|1|0|0|0|0|0|0|0|0||0|0|0|0|0|0|0|0|0||0||0||0||1|1|0||1|2|0||1|1|1|1|0||1|1|1|4|1|2|12|0|2||1|1|1||||||||||||||||||||||||||||||||||||||||1|||||||||||||||||||-6.42504936|-79.83760229
0173|140310|10|SALAS|3|5|CENTRO POBLADO|||||||||||||||||||||||||||||||||||||||||||||||||||||||||||||||||||||||||||||||14|1|0|0|0|12|1|0|0|2|0|0|0|0|1|1|0|0|2|0|0|0|0|2|0|0|0|2|0|0|0|0|2|0|0|0|2|0|0|0|0|2|0|0|0|1|0|0|0|0|1|0|0|0|1|0|0|0|0|1|0|0|0|1|0|0|0|0|1|0|0|0|2|0|0|0|0|2|0|0|0|1|1|0|0|0|0|0|0|0|0||0|0|0|0|0|0|0|0|0||0||0||0||1|1|0||1|4|1|2|1|1|0||0||1|1|1|1|1|4|14|0|1|1|2|||||||||||||||||||||||||||||||||||||||||||||||||||||||||||||-6.2749732|-79.60773885
0174|140310|10|SALAS|1|5|CENTRO POBLADO|||||||||||||||||||||||||||||||||||||||||||||||||||||||||||||||||||||||||||||||6|0|0|0|0|6|0|0|0|0|0|0|0|0|0|0|0|0|0|0|0|0|0|0|0|0|0|0|0|0|0|0|0|0|0|0|2|0|0|0|0|2|0|0|0|0|0|0|0|0|0|0|0|0|0|0|0|0|0|0|0|0|0|1|0|0|0|0|1|0|0|0|2|0|0|0|0|2|0|0|0|1|0|0|0|0|1|0|0|0|0||0|0|0|0|0|0|0|0|0||0||0||0||0||0||1|1|1|2|1|1|0||0||0||1|2|0||6|0|2||2|||||||||||||||||||||||||||||||||||||||||||||||||||||||||||||-6.16794051|-79.47342967
0175|140311|11|SAN JOSE|3|4|||||||||||||||||||||||||||||1|14|3|11|1|0||||||||||||||||||||||||||||||||||||||||||||||17|1|0|0|0|14|2|0|0|3|0|0|0|0|2|1|0|0|8|0|0|0|0|8|0|0|0|0|0|0|0|0|0|0|0|0|2|0|0|0|0|2|0|0|0|0|0|0|0|0|0|0|0|0|0|0|0|0|0|0|0|0|0|1|0|0|0|0|0|1|0|0|2|0|0|0|0|2|0|0|0|1|1|0|0|0|0|0|0|0|0||0|0|0|0|0|0|0|0|0||0||0||0||1|1|0||1|3|1|5|1|3|1|1|0||0||1|2|1|2|17|0|2||2|||||||||||||||||||||||||||||||||||||||||||||||||||||||||||||-6.76829495|-79.96851658
0176|140312|12|TUCUME|4|4|||||||||||||||||||||||||||||1|14|3|12|1|0||||||||||||||||||||||||||||||||||||||||||||||25|0|2|0|0|21|2|0|0|1|0|1|0|0|0|0|0|0|10|0|0|0|0|10|0|0|0|3|0|0|0|0|3|0|0|0|2|0|0|0|0|2|0|0|0|0|0|0|0|0|0|0|0|0|0|0|0|0|0|0|0|0|0|2|0|0|0|0|0|2|0|0|6|0|0|0|0|6|0|0|0|1|0|1|0|0|0|0|0|0|0||0|0|0|0|0|0|0|0|0||0||0||1|1|1|1|0||0||1|1|1|3|0||0||1|1|1|8|1|10|25|0|2||1|2|7|7|||||||||||||||||||||||||||||||||||||||1|||||||||||||||||||-6.5064993|-79.85918223
0177|130101|01|TRUJILLO|6|3||||||||5|13|1|13|1|13|1|13|1|13|1||||||||||||||||||||||||||||||||||||||||||||||||||||||||||||||100|3|0|0|0|78|19|0|0|12|0|0|0|0|7|5|0|0|46|0|0|0|0|44|2|0|0|10|0|0|0|0|4|6|0|0|9|0|0|0|0|7|2|0|0|6|0|0|0|0|6|0|0|0|4|0|0|0|0|4|0|0|0|3|0|0|0|0|1|2|0|0|6|0|0|0|0|4|2|0|0|3|3|0|0|0|0|0|0|0|1|ATENCION AL PUBLICO|0|0|0|0|1|0|0|0|0||1|1|0||1|1|1|1|0||1|10|1|4|1|5|0||1|1|0||1|12|1|65|100|1|2||2|||||||||||||||||||||||||||||||||||||||||||||||||||||||||||||-8.114033|-79.026365
0178|130101|01|TRUJILLO|4|4|||||||||||||||||||||||||||||1|13|1|1|0|1||||||||||||||||||||||||||||||||||||||||||||||95|2|0|0|0|81|12|0|0|4|1|0|0|0|0|3|0|0|40|0|0|0|0|40|0|0|0|23|0|0|0|0|19|4|0|0|3|0|0|0|0|2|1|0|0|2|0|0|0|0|2|0|0|0|2|0|0|0|0|0|2|0|0|2|0|0|0|0|0|2|0|0|18|0|0|0|0|18|0|0|0|1|1|0|0|0|0|0|0|0|0||0|0|0|0|0|0|0|0|0||1|1|0||1|1|0||0||1|2|1|1|1|10|1|5|1|26|1|7|1|22|1|20|95|0|1|8|1|4|10|10|10|10|||||||||||||||||||||||||||||||||||||1|||||||||||||||||||-8.10351908|-79.01033735
0179|130101|01|TRUJILLO|6|3||||||||1|13|1||||||||||||||||||||||||||||||||||||||||||||||||||||||||||||||||||||||28|0|1|0|0|6|21|0|0|12|0|0|0|0|2|10|0|0|4|0|0|0|0|3|1|0|0|0|0|0|0|0|0|0|0|0|0|0|0|0|0|0|0|0|0|0|0|0|0|0|0|0|0|0|5|0|0|0|0|0|5|0|0|0|0|0|0|0|0|0|0|0|6|0|0|0|0|1|5|0|0|1|0|1|0|0|0|0|0|0|0||0|0|0|0|0|0|0|0|0||0||0||0||1|1|0||1|3|1|2|1|1|0||0||1|1|1|5|1|15|28|1|2||2|||||||||||||||||||||||||||||||||||||||||||||||||||||||||||||-8.10402802|-79.02955014
0180|130101|01|TRUJILLO|6|4|||||||||||||||||||||||||||||1|13|1|1|0|1||||||||||||||||||||||||||||||||||||||||||||||93|2|0|0|0|67|24|0|0|10|0|0|0|0|2|8|0|0|43|0|0|0|0|40|3|0|0|8|0|0|0|0|5|3|0|0|7|0|0|0|0|7|0|0|0|2|0|0|0|0|2|0|0|0|4|0|0|0|0|0|4|0|0|6|0|0|0|0|2|4|0|0|9|0|0|0|0|7|2|0|0|2|2|0|0|0|0|0|0|0|2|SERVICIOS EMERGENCIA HOSPITAL|0|0|0|0|2|0|0|0|0||1|1|0||1|1|0||0||1|6|1|8|1|6|1|2|1|1|0||1|9|1|59|93|0|2||2|||||||||||||||||||||||||||||||||||||||||||||||||||||||||||||-8.10720782|-79.03946916
0181|130105|05|LA ESPERANZA|6|4|||||||||||||||||||||||||||||1|13|1|5|0|1||||||||||||||||||||||||||||||||||||||||||||||99|2|0|0|0|81|16|0|0|28|0|0|0|0|20|8|0|0|23|0|0|0|0|22|1|0|0|24|0|0|0|0|24|0|0|0|7|0|0|0|0|7|0|0|0|3|0|0|0|0|2|1|0|0|4|0|0|0|0|0|4|0|0|4|0|0|0|0|2|2|0|0|4|0|0|0|0|4|0|0|0|2|2|0|0|0|0|0|0|0|0||0|0|0|0|0|0|0|0|0||0||1|1|1|1|0||0||1|8|1|8|1|6|1|2|1|1|1|4|1|9|1|59|99|1|2||1|2|9|9|||||||||||||||||||||||||||||||||||||||1|||||||||||||||||||-8.08396602|-79.04009837
0182|130102|02|EL PORVENIR|6|4|||||||||||||||||||||||||||||1|13|1|2|0|1||||||||||||||||||||||||||||||||||||||||||||||91|2|0|0|0|70|19|0|0|3|0|0|0|0|0|3|0|0|30|0|0|0|0|27|3|0|0|23|0|0|0|0|18|5|0|0|6|0|0|0|0|6|0|0|0|3|0|0|0|0|1|2|0|0|4|0|0|0|0|0|4|0|0|3|0|0|0|0|1|2|0|0|17|0|0|0|0|17|0|0|0|2|2|0|0|0|0|0|0|0|0||0|0|0|0|0|0|0|0|0||0||1|1|1|1|0||0||1|6|1|6|1|4|1|1|0||1|1|1|12|1|59|91|0|2||2|||||||||||||||||||||||||||||||||||||||||||||||||||||||||||||-8.08611172|-79.00450284
0183|130102|02|EL PORVENIR|6|4|||||||||||||||||||||||||||||1|13|1|2|0|1||||||||||||||||||||||||||||||||||||||||||||||97|2|0|0|0|78|17|0|0|8|0|0|0|0|2|6|0|0|25|0|0|0|0|25|0|0|0|32|0|0|0|0|28|4|0|0|8|0|0|0|0|7|1|0|0|2|0|0|0|0|2|0|0|0|3|0|0|0|0|0|3|0|0|4|0|0|0|0|1|3|0|0|6|0|0|0|0|6|0|0|0|9|2|0|0|0|7|0|0|0|0||0|0|0|0|0|0|0|0|0||1|1|0||0||0||1|1|1|4|1|14|1|4|1|2|1|2|0||1|8|1|61|97|0|1|28|1|4|9|9|9|9|||||||||||||||||||||||||||||||||||||1|||||||||||||||||||-8.07875825|-78.99960987
0184|130102|02|EL PORVENIR|5|4|||||||||||||||||||||||||||||1|13|1|2|0|1||||||||||||||||||||||||||||||||||||||||||||||79|1|0|0|0|68|10|0|0|5|0|0|0|0|0|5|0|0|35|0|0|0|0|35|0|0|0|15|0|0|0|0|14|1|0|0|3|0|0|0|0|3|0|0|0|2|0|0|0|0|2|0|0|0|2|0|0|0|0|0|2|0|0|2|0|0|0|0|0|2|0|0|14|0|0|0|0|14|0|0|0|1|1|0|0|0|0|0|0|0|0||0|0|0|0|0|0|0|0|0||0||1|1|0||0||0||1|4|1|3|0||0||0||1|1|1|3|1|67|79|0|2||1|2|6|6|||||||||||||||||||||||||||||||||||||||1|||||||||||||||||||-8.06829029|-79.02185128
0185|130103|03|FLORENCIA DE MORA|5|4|||||||||||||||||||||||||||||1|13|1|3|1|0||||||||||||||||||||||||||||||||||||||||||||||80|1|1|0|0|70|8|0|0|8|0|0|0|0|4|4|0|0|22|0|0|0|0|22|0|0|0|25|0|0|0|0|25|0|0|0|8|0|0|0|0|7|1|0|0|2|0|0|0|0|2|0|0|0|2|0|0|0|0|0|2|0|0|3|0|0|0|0|2|1|0|0|8|0|0|0|0|8|0|0|0|2|1|1|0|0|0|0|0|0|0||0|0|0|0|0|0|0|0|0||0||1|1|0||0||1|1|1|7|1|4|1|3|1|1|1|1|1|3|1|9|1|50|80|0|2||1|1|21||||||||||||||||||||||||||||||||||||||||2|1|0|0|1|0|0|0|0|0|0|0|0|1|0|0|0|0||-8.08535882|-79.02402388
0186|130104|04|HUANCHACO|5|4|||||||||||||||||||||||||||||1|13|1|4|0|1||||||||||||||||||||||||||||||||||||||||||||||67|2|0|0|0|58|7|0|0|1|0|0|0|0|0|1|0|0|30|0|0|0|0|30|0|0|0|0|0|0|0|0|0|0|0|0|6|0|0|0|0|5|1|0|0|2|0|0|0|0|2|0|0|0|2|0|0|0|0|0|2|0|0|1|0|0|0|0|0|1|0|0|4|0|0|0|0|4|0|0|0|2|2|0|0|0|0|0|0|0|19|ATENCION AL PUBLICO|0|0|0|0|17|2|0|0|0||0||1|1|0||0||1|1|1|7|1|9|1|5|1|2|0||1|1|1|8|1|33|67|0|1|8|2|||||||||||||||||||||||||||||||||||||||||||||||||||||||||||||-8.02336254|-79.06644
0187|130104|04|HUANCHACO|5|5|CENTRO POBLADO|||||||||||||||||||||||||||||||||||||||||||||||||||||||||||||||||||||||||||||||57|1|1|0|0|44|11|0|0|8|0|1|0|0|1|6|0|0|10|0|0|0|0|10|0|0|0|2|0|0|0|0|2|0|0|0|2|0|0|0|0|2|0|0|0|2|0|0|0|0|2|0|0|0|2|0|0|0|0|0|2|0|0|2|0|0|0|0|0|2|0|0|23|0|0|0|0|22|1|0|0|1|1|0|0|0|0|0|0|0|5|PUESTO DE AUXILIO RAPIDO|0|0|0|0|5|0|0|0|0||0||1|1|0||0||1|1|1|3|1|5|1|4|1|1|1|2|1|3|1|6|1|31|57|1|1|12|1|2|9|9|||||||||||||||||||||||||||||||||||||||1|||||||||||||||||||-8.0794644|-79.12159583
0188|130105|05|LA ESPERANZA|6|4|||||||||||||||||||||||||||||1|13|1|5|0|1||||||||||||||||||||||||||||||||||||||||||||||115|2|0|0|0|92|20|0|1|9|0|0|0|0|4|4|0|1|35|0|0|0|0|35|0|0|0|25|0|0|0|0|23|2|0|0|9|0|0|0|0|9|0|0|0|2|0|0|0|0|2|0|0|0|8|0|0|0|0|0|8|0|0|6|0|0|0|0|3|3|0|0|19|0|0|0|0|16|3|0|0|2|2|0|0|0|0|0|0|0|0||0|0|0|0|0|0|0|0|0||1|1|0||1|1|0||0||1|9|1|12|1|4|1|4|1|2|1|4|1|18|1|60|115|1|2||2|||||||||||||||||||||||||||||||||||||||||||||||||||||||||||||-8.05644788|-79.05343398
0189|130106|06|LAREDO|4|4|||||||||||||||||||||||||||||1|13|1|6|1|0||||||||||||||||||||||||||||||||||||||||||||||40|1|0|0|0|37|2|0|0|2|0|0|0|0|2|0|0|0|23|0|0|0|0|23|0|0|0|0|0|0|0|0|0|0|0|0|4|0|0|0|0|4|0|0|0|3|0|0|0|0|2|1|0|0|2|0|0|0|0|1|1|0|0|2|0|0|0|0|2|0|0|0|3|0|0|0|0|3|0|0|0|1|1|0|0|0|0|0|0|0|0||0|0|0|0|0|0|0|0|0||0||1|1|0||0||0||1|3|1|5|1|4|1|1|0||0||1|8|1|18|40|0|2||2|||||||||||||||||||||||||||||||||||||||||||||||||||||||||||||-8.0918812|-78.9603321
0190|130109|09|SALAVERRY|4|5|CENTRO POBLADO|||||||||||||||||||||||||||||||||||||||||||||||||||||||||||||||||||||||||||||||36|1|0|0|0|31|3|1|0|3|0|0|0|0|1|1|1|0|16|0|0|0|0|16|0|0|0|4|0|0|0|0|4|0|0|0|2|0|0|0|0|2|0|0|0|1|0|0|0|0|1|0|0|0|2|0|0|0|0|0|2|0|0|1|0|0|0|0|1|0|0|0|6|0|0|0|0|6|0|0|0|1|1|0|0|0|0|0|0|0|0||0|0|0|0|0|0|0|0|0||0||1|1|0||0||0||1|4|0||1|2|0||0||1|1|0||1|28|36|1|2||1|3|12|12|12||||||||||||||||||||||||||||||||||||||1|||||||||||||||||||-8.18080955|-78.994208
0191|130107|07|MOCHE|4|4|||||||||||||||||||||||||||||1|13|1|7|0|1||||||||||||||||||||||||||||||||||||||||||||||43|1|0|0|0|29|13|0|0|3|0|0|0|0|0|3|0|0|22|0|0|0|0|22|0|0|0|6|0|0|0|0|1|5|0|0|2|0|0|0|0|2|0|0|0|1|0|0|0|0|0|1|0|0|2|0|0|0|0|0|2|0|0|2|0|0|0|0|0|2|0|0|3|0|0|0|0|3|0|0|0|2|1|0|0|0|1|0|0|0|0||0|0|0|0|0|0|0|0|0||0||1|1|0||0||0||1|5|1|4|1|2|0||0||1|1|1|6|1|24|43|0|2||2|||||||||||||||||||||||||||||||||||||||||||||||||||||||||||||-8.17066029|-79.01098586
0192|130108|08|POROTO|1|4|||||||||||||||||||||||||||||1|13|1|8|1|0||||||||||||||||||||||||||||||||||||||||||||||16|0|1|0|0|15|0|0|0|2|0|0|0|0|2|0|0|0|4|0|0|0|0|4|0|0|0|2|0|0|0|0|2|0|0|0|0|0|0|0|0|0|0|0|0|1|0|0|0|0|1|0|0|0|1|0|0|0|0|1|0|0|0|1|0|0|0|0|1|0|0|0|4|0|0|0|0|4|0|0|0|1|0|1|0|0|0|0|0|0|0||0|0|0|0|0|0|0|0|0||0||0||1|1|0||0||1|4|1|4|1|1|1|1|0||0||1|2|1|3|16|0|2||1|2|4|4|||||||||||||||||||||||||||||||||||||||1|||||||||||||||||||-8.01101973|-78.76910689
0193|130109|09|SALAVERRY|2|4|||||||||||||||||||||||||||||1|13|1|9|0|1||||||||||||||||||||||||||||||||||||||||||||||34|0|1|0|0|24|9|0|0|4|0|0|0|0|2|2|0|0|10|0|0|0|0|10|0|0|0|8|0|0|0|0|6|2|0|0|3|0|0|0|0|3|0|0|0|0|0|0|0|0|0|0|0|0|2|0|0|0|0|0|2|0|0|2|0|0|0|0|1|1|0|0|4|0|0|0|0|2|2|0|0|1|0|1|0|0|0|0|0|0|0||0|0|0|0|0|0|0|0|0||0||0||1|1|0||0||1|4|1|2|1|4|1|1|1|2|0||1|2|1|18|34|0|1|8|2|||||||||||||||||||||||||||||||||||||||||||||||||||||||||||||-8.219613|-78.978818
0194|130110|10|SIMBAL|2|5|CENTRO POBLADO|||||||||||||||||||||||||||||||||||||||||||||||||||||||||||||||||||||||||||||||13|1|0|0|0|11|1|0|0|2|0|0|0|0|2|0|0|0|4|0|0|0|0|4|0|0|0|0|0|0|0|0|0|0|0|0|1|0|0|0|0|1|0|0|0|1|0|0|0|0|1|0|0|0|1|0|0|0|0|0|1|0|0|1|0|0|0|0|1|0|0|0|2|0|0|0|0|2|0|0|0|1|1|0|0|0|0|0|0|0|0||0|0|0|0|0|0|0|0|0||0||0||0||1|1|0||1|1|1|2|1|3|0||1|1|1|1|1|1|1|3|13|1|2||2|||||||||||||||||||||||||||||||||||||||||||||||||||||||||||||-7.9764324|-78.81396659
0195|130111|11|VICTOR LARCO HERRERA|5|4|||||||||||||||||||||||||||||1|13|1|11|0|1||||||||||||||||||||||||||||||||||||||||||||||68|2|0|0|0|52|14|0|0|5|0|0|0|0|3|2|0|0|38|0|0|0|0|34|4|0|0|0|0|0|0|0|0|0|0|0|8|0|0|0|0|6|2|0|0|4|0|0|0|0|1|3|0|0|2|0|0|0|0|0|2|0|0|2|0|0|0|0|1|1|0|0|7|0|0|0|0|7|0|0|0|2|2|0|0|0|0|0|0|0|0||0|0|0|0|0|0|0|0|0||1|1|0||0||0||1|1|1|6|1|3|1|5|1|2|0||0||1|4|1|46|68|1|2||2|||||||||||||||||||||||||||||||||||||||||||||||||||||||||||||-8.14081705|-79.05253932
0196|130201|01|ASCOPE|2|4|||||||||||||||||||||||||||||1|13|2|1|1|0||||||||||||||||||||||||||||||||||||||||||||||16|1|0|0|0|13|2|0|0|1|0|0|0|0|0|1|0|0|4|0|0|0|0|4|0|0|0|4|0|0|0|0|3|1|0|0|1|0|0|0|0|1|0|0|0|1|0|0|0|0|1|0|0|0|1|0|0|0|0|1|0|0|0|1|0|0|0|0|1|0|0|0|2|0|0|0|0|2|0|0|0|1|1|0|0|0|0|0|0|0|0||0|0|0|0|0|0|0|0|0||1|1|0||0||0||0||1|2|0||1|2|1|1|0||0||0||1|10|16|0|2||2|||||||||||||||||||||||||||||||||||||||||||||||||||||||||||||-7.71354433|-79.10697767
0197|130202|02|CHICAMA|1|5|CENTRO POBLADO|||||||||||||||||||||||||||||||||||||||||||||||||||||||||||||||||||||||||||||||16|1|0|0|0|12|2|1|0|1|0|0|0|0|1|0|0|0|4|0|0|0|0|4|0|0|0|4|0|0|0|0|3|0|1|0|2|0|0|0|0|2|0|0|0|0|0|0|0|0|0|0|0|0|0|0|0|0|0|0|0|0|0|2|0|0|0|0|0|2|0|0|2|0|0|0|0|2|0|0|0|1|1|0|0|0|0|0|0|0|0||0|0|0|0|0|0|0|0|0||0||0||0||0||1|1|1|2|1|2|0||1|1|0||0||1|2|1|8|16|0|2||1|7|2|2|2|2|2|2|2||||||||||||||||||||||||||||||||||1|||||||||||||||||||-7.8372608|-79.16212274
0198|130202|02|CHICAMA|3|4|||||||||||||||||||||||||||||1|13|2|2|0|1||||||||||||||||||||||||||||||||||||||||||||||19|1|0|0|0|17|1|0|0|1|0|0|0|0|0|1|0|0|4|0|0|0|0|4|0|0|0|2|0|0|0|0|2|0|0|0|1|0|0|0|0|1|0|0|0|1|0|0|0|0|1|0|0|0|1|0|0|0|0|1|0|0|0|1|0|0|0|0|1|0|0|0|4|0|0|0|0|4|0|0|0|1|1|0|0|0|0|0|0|0|3|LABORES MIXTAS|0|0|0|0|3|0|0|0|0||0||0||0||1|1|0||1|2|0||1|2|0||1|4|0||0||1|10|19|0|2||2|||||||||||||||||||||||||||||||||||||||||||||||||||||||||||||-7.84511373|-79.14686323
0199|130202|02|CHICAMA|2|5|CENTRO POBLADO|||||||||||||||||||||||||||||||||||||||||||||||||||||||||||||||||||||||||||||||12|1|0|0|0|10|1|0|0|1|0|0|0|0|1|0|0|0|0|0|0|0|0|0|0|0|0|3|0|0|0|0|3|0|0|0|1|0|0|0|0|1|0|0|0|2|0|0|0|0|2|0|0|0|2|0|0|0|0|2|0|0|0|1|0|0|0|0|0|1|0|0|1|0|0|0|0|1|0|0|0|1|1|0|0|0|0|0|0|0|0||0|0|0|0|0|0|0|0|0||0||0||0||0||1|1|1|1|0||1|1|0||0||0||1|2|1|7|12|0|2||2|||||||||||||||||||||||||||||||||||||||||||||||||||||||||||||-7.73590096|-79.00729299
0200|130203|03|CHOCOPE|4|4|||||||||||||||||||||||||||||1|13|2|3|1|0||||||||||||||||||||||||||||||||||||||||||||||23|1|0|0|0|20|2|0|0|1|0|0|0|0|0|1|0|0|12|0|0|0|0|12|0|0|0|2|0|0|0|0|2|0|0|0|1|0|0|0|0|1|0|0|0|1|0|0|0|0|1|0|0|0|1|0|0|0|0|1|0|0|0|1|0|0|0|0|0|1|0|0|3|0|0|0|0|3|0|0|0|1|1|0|0|0|0|0|0|0|0||0|0|0|0|0|0|0|0|0||0||1|1|0||0||0||1|4|0||1|1|1|1|0||1|1|1|3|1|12|23|0|2||2|||||||||||||||||||||||||||||||||||||||||||||||||||||||||||||-7.791152|-79.22330339
